CC1=CC=NC(N)=N1,2,0.5231996621282303,0.8724080876184667,1.0463993242564607,2.046399324256461,0,0,-28.953600645065308,True,True,True
CC1COCC(C2CCC3=C(C2)C2=C(N=CN=C2)S3)N1,2,0.8738494102354935,0.6468797731630409,1.747698820470987,2.747698820470987,0,0,-23.669734954833984,True,True,True
CC1=NC=CN1C,2,0.4652232925414449,0.8223468169719086,0.9304465850828898,1.9304465850828898,0,0,-25.06955337524414,True,True,True
C1=CC2=NC=CN2C=C1,2,0.5098151396252019,0.8601587114478727,1.0196302792504037,2.0196302792504035,0,0,-18.980369806289673,True,True,True
CCCCN=C1CC2=CC=CN=C2CCN1,2,0.7859158541392341,0.7476819206332368,1.5718317082784683,2.5718317082784683,0,0,-21.009013175964355,True,True,True
CC1COCC(=C2NCC(=[IH])OC23CCCC3)N1C1=C2C(=O)NC=NC2=CC=C1,1,0.5772438071169769,0.5730897841687976,1.1544876142339537,1.1544876142339537,0,0,-18.06109046936035,False,True,True
***** Iteration 1 *****
NC1=CN=CC(C2CC3CCNCC2N3)=C1C(CC1CCOC1)C1NCCN1,2,0.5028698235854192,0.47866276765365545,1.0057396471708384,2.0057396471708384,0,0,-88.68401765823364,True,True,True
C1=NC=C2NC=NC2=N1,2,0.5454672838232756,0.8049535832427444,1.0909345676465512,2.090934567646551,0,0,-36.90906548500061,True,True,True
C#CCOC1=C(C2=C3C=NN(C)C3=NC=N2)C=NN1,2,0.6978869178074371,0.7540066519626993,1.3957738356148741,2.3957738356148743,0,0,-33.989086985588074,True,True,True
C=C1CC(C2=CC=C3CNCC(C4CCOC5CCNCC54)C3=C2C2=CC3=NC=NC=C3S2)N2CCOCC12,2,0.47854663455023105,0.5425431475268305,0.9570932691004621,1.957093269100462,0,0,-109.36347007751465,True,True,True
CC1=C(O)C(C)=C(PCl)C=C1,1,0.6716829804939284,0.7150892471203495,1.3433659609878568,1.3433659609878568,0,0,-24.22321915626526,True,False,True
***** Iteration 2 *****
CN1C2=CC(C3CC4=CC(F)=C(P)C=C4C(=C4CNC5CCCCC45)N3)=CC=C2C=C1C1=CC=NN2N=CC=C12,2,0.29360240980523933,0.5665055295119558,0.5872048196104787,1.5872048196104787,0,0,-88.80879890918732,True,True,True
CC1=NOC=C1,2,0.46699996727347143,0.7503006278676513,0.9339999345469429,1.933999934546943,0,0,-29.0660001039505,True,True,True
C1=CC23CNCC2CC1O3,2,0.48487039204620536,0.4581844092513625,0.9697407840924107,1.9697407840924108,0,0,-21.030259251594543,True,True,True
C1=CN2CCSC2=N1,2,0.5155836406258146,0.7403428778282568,1.0311672812516293,2.031167281251629,0,0,-52.96883273124695,True,True,True
C1=CC=CC=C1,2,0.4426283718993647,1.0,0.8852567437987294,1.8852567437987293,0,0,-36.11474323272705,True,True,True
***** Iteration 3 *****
CC1=CN=C(C#P)S1,1,0.5043615266706866,0.6421304652408444,1.0087230533413731,1.0087230533413731,0,0,-21.856780529022217,False,True,True
OCC(O)C1=CC=NC2=CC=NN21,2,0.6668043957421652,0.7396629482867968,1.3336087914843304,2.3336087914843304,0,0,-20.377442598342896,True,True,True
OC1=CC=CC=N1,2,0.5163288713332986,0.8307236185913417,1.0326577426665973,2.032657742666597,0,0,-33.967342138290405,True,True,True
NC1CCCC(C2=C3C(=CC=C2)C=CC(=O)N3C2NCC3CCOC32)C1,2,0.8703058451409325,0.6266680110082185,1.740611690281865,2.740611690281865,0,0,-32.02099645137787,True,True,True
CC1=NC=NN1,2,0.48343821482376537,0.7396589989083753,0.9668764296475307,1.9668764296475307,0,0,-40.03312361240387,True,True,True
CC1=CC(C)=C(N)C(C=C2COC3=CC=CC=C3O2)=C1,2,0.801204687857493,0.8029031932246132,1.602409375714986,2.602409375714986,0,0,-60.86345422267914,True,True,True
CC1=CC=C(Cl)C=C1,2,0.5015016660067645,0.9962374582478373,1.003003332013529,2.003003332013529,0,0,-20.996996641159058,True,True,True
***** Iteration 4 *****
O=C1CCNC(=C2CCCC(NC3=C4CCCCC4=NO3)C2)C1,2,0.8775172179931766,0.6800969992456535,1.7550344359863532,2.755034435986353,0,0,-28.01576566696167,True,True,True
CC(C)(N)COC1=CC=C(O)C=C1,2,0.7427227847584751,0.8892904795472487,1.4854455695169502,2.4854455695169504,0,0,-39.192708015441895,True,True,True
CCCCC,2,0.4687855098011332,0.9222643020337059,0.9375710196022664,1.9375710196022664,0,0,-19.062428951263428,True,True,True
CC1=C(C2=C(Br)C=CC(F)=C2)C=NN1C,2,0.7762737270320105,0.8638334058114473,1.552547454064021,2.5525474540640207,0,0,-27.05931568145752,True,True,True
SC1=CC=CC=C1,2,0.48490334051496226,0.893174387822111,0.9698066810299245,1.9698066810299246,0,0,-39.03019332885742,True,True,True
CC1=CC(C)=CC(CC2NCCN3C=NC=C23)=C1,2,0.8746008019606251,0.7494329217764596,1.7492016039212501,2.74920160392125,0,0,-16.726037979125977,True,True,True
***** Iteration 5 *****
O=[SH](=O)C1=CC(NC2=C3C=CSC3=NC=C2)=CC(OC2=CC=CC=N2)=C1,2,0.5029053469794944,0.7636044381927466,1.0058106939589888,2.005810693958989,0,0,-82.09726452827454,True,True,True
S=C1NCCN2C=NN=C12,2,0.5142390541344591,0.7121013995765786,1.0284781082689183,2.028478108268918,0,0,-37.800108909606934,True,True,True
C1=CC=C2C(=C1)NC1=CN=CN=C12,2,0.5595948629322984,0.8691882197557583,1.1191897258645969,2.119189725864597,0,0,-22.880810260772705,True,True,True
C1=CC2=NN=CN2C(C2=CN=NC=N2)=N1,2,0.5472492214009814,0.767610850047428,1.0944984428019628,2.094498442801963,0,0,-30.631876945495605,True,True,True
C1=CC=C2C(=C1)C=CC1=NN=CN21,2,0.5140104117712739,0.8752860501305118,1.0280208235425479,2.0280208235425476,0,0,-29.97197914123535,True,True,True
C1=CN2C=C(C3=NC=C4CCCNC4=N3)SC2=C1,2,0.7276814763881353,0.7352273458299582,1.4553629527762706,2.4553629527762704,0,0,-17.108028054237366,True,True,True
ClC1CNC2=CC=C(C3=CNC=C3)C=C2NC1,2,0.6779089296644565,0.6986284317446249,1.355817859328913,2.355817859328913,0,0,-21.896677255630493,True,True,True
***** Iteration 6 *****
OC1=CC=C(F)C=C1,2,0.5392148187981868,0.9645738218842008,1.0784296375963736,2.078429637596374,0,0,-28.921570301055908,True,True,True
CC1=C(C)SC(N)=N1,2,0.572339049268458,0.8460109181212973,1.144678098536916,2.1446780985369163,0,0,-37.85532188415527,True,True,True
CC1=NN(C)C(C)=C1N,2,0.5520188214779367,0.8537921314899884,1.1040376429558734,2.1040376429558734,0,0,-52.89596223831177,True,True,True
CC(CO)=C1CNCC12CCCCO2,2,0.6119831216982258,0.6080426285649477,1.2239662433964515,2.2239662433964513,0,0,-31.49044156074524,True,True,True
C1=NN=C2SCCNN12,2,0.5502360450895702,0.652968967858129,1.1004720901791405,2.1004720901791405,0,0,-20.89952802658081,True,True,True
C1=CC=C2N=C(C3=C(C4CNSC4)CCCC3)N=NC2=C1,2,0.8627494795440481,0.6986999402771806,1.7254989590880963,2.725498959088096,0,0,-30.282597541809082,True,True,True
***** Iteration 7 *****
CC(O)(CO)CC(=CN1C=CC=C(NI)C1=O)C(CC=O)C1CN2CCNC(C34CCOC3CC4)C2C1C1NCCOC12CCCNC2,0,0.10996739754950285,0.3525189786633515,0.2199347950990057,-0.7800652049009943,0,0,-83.14974880218506,False,False,True
NC1=C(N)C(NF)=NC=N1,2,0.47885078844557555,0.7538811814804985,0.9577015768911511,1.957701576891151,0,0,-16.882681488990784,True,True,True
NC1=NC=C(CC2CN3C=NC=C3CN2)S1,2,0.801083218423139,0.6666426086980253,1.602166436846278,2.602166436846278,0,0,-61.97058916091919,True,True,True
C1=CC=C2C(=C1)CCN2C1=NNN=C1,2,0.7336046579405053,0.8263425722857333,1.4672093158810107,2.4672093158810107,0,0,-15.190441846847534,True,True,True
C1=NC=C2CCCCC2=N1,2,0.5350027180214145,0.8473851131044301,1.070005436042829,2.070005436042829,0,0,-17.929994583129883,True,True,True
FC1=CC=CC(Br)=C1,2,0.5678956661095027,0.9467913044016834,1.1357913322190054,2.1357913322190054,0,0,-60.864208698272705,True,True,True
***** Iteration 8 *****
ClC1=C(C2CCCC3=CN=CN=C32)C=CC=C1,2,0.766132043165074,0.7887822778984711,1.532264086330148,2.532264086330148,0,0,-58.033594489097595,True,True,True
SCC1=NOC=N1,2,0.5428585579326244,0.6827336185913419,1.0857171158652488,2.0857171158652488,0,0,-29.78761577606201,True,True,True
CCCCC1(C)COCCN1,2,0.670913745818917,0.7131859186357086,1.341827491637834,2.341827491637834,0,0,-43.41217088699341,True,True,True
BrC1=CC=CC=C1,2,0.5420450088370231,0.9866074647451877,1.0840900176740462,2.084090017674046,0,0,-19.915910005569458,True,True,True
CC1CNCC(C)O1,2,0.49263053013424374,0.7116236987804767,0.9852610602684875,1.9852610602684875,0,0,-22.01473891735077,True,True,True
C1=NOC2=NC(C3CC4CCC4O3)=NC=C12,2,0.7291381353152795,0.6087963886886185,1.458276270630559,2.458276270630559,0,0,-47.15285003185272,True,True,True
***** Iteration 9 *****
CC(=C1CC(C2=C3N=CN4C=NN=C4C3=CC=C2)C(C2=CC3=NN=NN3N=C2)C12CCNC2C1=NN=C2C3=CC=CC=C3N=CN21)C(C)N,0,0.26594062909296207,0.4688502910234715,0.5318812581859241,-0.46811874181407587,0,0,-15.589338719844818,False,False,True
CC1=C(C2CCC3=C(C2)C2=C(N=CN=C2)S3)C=C(C2=C(O)C(N)=CC=C2)C(F)=C1,2,0.34753207285404597,0.7366607698647523,0.6950641457080919,1.695064145708092,0,0,-51.6654109954834,True,True,True
CC1=C[SH](CC2CCOC2)C(C2=CC3=C(N2)C(C)=CC=C3F)=C1,2,0.7675301582951043,0.6086254110569143,1.5350603165902086,2.535060316590209,0,0,-75.95212268829346,True,True,True
FC1CNCC2CCCN12,2,0.4934224979066959,0.675027042086551,0.9868449958133918,1.9868449958133918,0,0,-25.8486807346344,True,True,True
CC1=CC(CC2=CC=C3C=CC=CC3=N2)=C(C)S1,2,0.6547967789825916,0.8674721518786104,1.3095935579651832,2.309593557965183,0,0,-32.29752850532532,True,True,True
***** Iteration 10 *****
ClC1=NN=CC2=CON=C21,1,0.5750533378188554,0.7280250070036344,1.1501066756377107,1.1501066756377107,0,0,-28.6582088470459,False,True,True
CC(CC(=O)N1CCCCC1=O)C1=CC(F)=CC=C1,2,0.8405557039617427,0.8240012033620656,1.6811114079234855,2.6811114079234857,0,0,-40.536561727523804,True,True,True
SC1=NC=NN1,2,0.4547363359842873,0.675172121080321,0.9094726719685746,1.9094726719685746,0,0,-18.090527296066284,True,True,True
CC1=CC=CC=C1C,2,0.47575768534032103,0.9962507449611238,0.9515153706806421,1.951515370680642,0,0,-30.048484683036804,True,True,True
NC1=NN(C2OC3=CC=CC=C3NC2=O)C=N1,2,0.7397959405998121,0.738971207254829,1.4795918811996243,2.4795918811996245,0,0,-61.10119044780731,True,True,True
CC1=NC(C2=CC=CC=C2C#N)=NO1,2,0.6803620977389393,0.8711422426154035,1.3607241954778786,2.3607241954778786,0,0,-19.321773529052734,True,True,True
C1=NC2=C(S1)C(C1CN3CCCC3CN1)CCC2,2,0.8397911248417044,0.6574713927481635,1.6795822496834087,2.679582249683409,0,0,-21.816542983055115,True,True,True
***** Iteration 11 *****
C1=CC=C2SN=CNC2=C1,2,0.5728932814400152,0.7431230618223787,1.1457865628800303,2.1457865628800303,0,0,-65.85421347618103,True,True,True
NC1=NC=NC(N)=C1N,2,0.42175410045769574,0.8276633410775022,0.8435082009153915,1.8435082009153914,0,0,-24.15649175643921,True,True,True
C1=CC2=NC=NC=C2S1,2,0.5504287970242819,0.832440762729924,1.1008575940485639,2.1008575940485636,0,0,-41.8991425037384,True,True,True
CC1=CC=C(C)C(C2CC2)=C1C,2,0.5896202859206268,0.8941029141170778,1.1792405718412535,2.1792405718412535,0,0,-25.584911465644836,True,True,True
ClC1=CC=C2CC(C3=CC=CC=C3)CNC2=C1,2,0.7955524064398314,0.8361659702061632,1.5911048128796628,2.5911048128796628,0,0,-14.553660154342651,True,True,True
C1=CC2=C(CCCC2=C2CCC3CCC2N3)S1,2,0.7337370528134951,0.605242874572551,1.4674741056269902,2.46747410562699,0,0,-34.1167414188385,True,True,True
CC1CNCC1=C(N)CCC=O,2,0.600329398737575,0.6318725855300785,1.20065879747515,2.2006587974751497,0,0,-27.55920946598053,True,True,True
***** Iteration 12 *****
FC1=CC=C(Br)C=C1,2,0.5678956661095027,0.9707409547513338,1.1357913322190054,2.1357913322190054,0,0,-31.864208698272705,True,True,True
S[SH]1(=C2OCCN3N=NC=C23)N=CNC2=CC=CC=C21,1,0.3928723250590886,0.6145920012943312,0.7857446501181772,0.7857446501181772,0,0,-19.48463213443756,False,True,True
C1=CN=NC=N1,2,0.43639752184178915,0.7667384860878624,0.8727950436835783,1.8727950436835783,0,0,-46.12720501422882,True,True,True
C1CC([SH]2CCCN2)CN(C2CNCCC23CCNC3)C1,2,0.5667243305200858,0.46122787611803734,1.1334486610401715,2.1334486610401715,0,0,-19.283408761024475,True,True,True
O=C1C=CN=C(NC2=CC=C([SH](=O)=O)C=C2)N1,2,0.6901548883769841,0.7644309567185706,1.3803097767539683,2.3803097767539683,0,0,-43.22860240936279,True,True,True
CC1=CC(O)=CC=C1N,2,0.40297528147681455,0.9042268026159638,0.8059505629536291,1.8059505629536292,0,0,-34.19404947757721,True,True,True
CN1CCNC(C2NCCCC2N)C1,2,0.5041762506548317,0.6557980131803323,1.0083525013096635,2.0083525013096635,0,0,-15.756365180015564,True,True,True
***** Iteration 13 *****
CC(C)(CC=O)CC1=CC(O)=CC=C1F,2,0.7756217416692156,0.8163269611585393,1.5512434833384312,2.551243483338431,0,0,-40.06094563007355,True,True,True
C1CC2(C1)CNCCO2,2,0.5122097440146787,0.7323125232041482,1.0244194880293573,2.0244194880293573,0,0,-19.97558045387268,True,True,True
C1CNC2CCCC2C1,2,0.5175388795867513,0.7692637035992635,1.0350777591735025,2.0350777591735025,0,0,-21.964922189712524,True,True,True
C1=CC2=CC(N3CCC4(CCCCO4)CC3)=CN=C2N=C1,2,0.8054826005852201,0.7667617229389633,1.6109652011704403,2.6109652011704405,0,0,-18.825196981430054,True,True,True
C1=CC=C2OCCNCC2=C1,2,0.5975035561742812,0.8745696596033381,1.1950071123485624,2.1950071123485624,0,0,-25.80499291419983,True,True,True
CC1OCCNC1=CC1=CN=CO1,2,0.7006469540882504,0.633658265061061,1.4012939081765008,2.401293908176501,0,0,-20.295092344284058,True,True,True
NC1CCN(C2CN3N=CC=C3CN(C34CNCC3CNC4)C2)C1,2,0.6230699596402497,0.5947315707698909,1.2461399192804994,2.246139919280499,0,0,-20.901317954063416,True,True,True
CC(C#CN1C=CC=N1)CCC=O,2,0.513765728994579,0.6255531769770255,1.027531457989158,2.027531457989158,0,0,-47.749836802482605,True,True,True
***** Iteration 14 *****
C1CC2(C1)CCC2C1NCCC12OCCO2,2,0.7332785489274908,0.5657018946311148,1.4665570978549816,2.466557097854982,0,0,-31.142361044883728,True,True,True
CC(C)(N)C1=C(F)C(N)=CC(N)=C1,2,0.571989649106388,0.7920243323611016,1.143979298212776,2.143979298212776,0,0,-46.608158469200134,True,True,True
C1=CC=C2NC=CNC2=C1,2,0.5637548364109582,0.7959861387454558,1.1275096728219165,2.1275096728219163,0,0,-19.872490406036377,True,True,True
C1CNC2(C1)CCNCC2,2,0.5115438105155194,0.7144199855663818,1.023087621031039,2.023087621031039,0,0,-63.97691226005554,True,True,True
C1=NC=C2CCNCCC2=N1,2,0.5708950911378158,0.8128008950345735,1.1417901822756316,2.1417901822756313,0,0,-26.85820984840393,True,True,True
CN1C=NC2=C(OC3=CC=CC(Cl)=C3F)C=CC=C21,2,0.7026797423667762,0.8583418552779025,1.4053594847335524,2.4053594847335527,0,0,-41.9711127281189,True,True,True
***** Iteration 15 *****
C1=CC2=NN=NN2C=C1,2,0.4957398109244892,0.8373581416473027,0.9914796218489784,1.9914796218489785,0,0,-23.008520364761353,True,True,True
C1=CC=C2C(=C1)C(C1=NC=CS1)=NC1=NN=CN21,2,0.5224237032326157,0.8059700808726932,1.0448474064652313,2.044847406465231,0,0,-36.641698241233826,True,True,True
C1=CC=C2C(=C1)OC1=C(C3C=CNCC3)C=CC=C21,2,0.6996428989638662,0.7599879678058312,1.3992857979277324,2.3992857979277327,0,0,-18.157607078552246,True,True,True
CC1=NN(CC(N)(C#CC2=CC=CC=C2)N(C2CCC(O)C(=O)C2)C2COC(Cl)C2C)C(N)=C1,1,0.3356717172950703,0.5426034280191809,0.6713434345901406,0.6713434345901406,0,0,-53.70112228393555,False,True,True
C1=CC=C2N=CC=CC2=C1,2,0.5311915584041306,0.961362549001866,1.0623831168082611,2.0623831168082614,0,0,-31.93761682510376,True,True,True
CC1=NC(CC2=C3C=NC=NC3=CC(CC(C)C(N)C=O)=C2)=NO1,2,0.6858992086496682,0.6890382083328253,1.3717984172993365,2.3717984172993365,0,0,-30.624430179595947,True,True,True
NC1CCNC1,2,0.40915254898182524,0.7095847009329211,0.8183050979636505,1.8183050979636506,0,0,-23.181694865226746,True,True,True
***** Iteration 16 *****
C1=CN=C2CCNCCC2=C1,2,0.5875248871501547,0.8477813146149931,1.1750497743003094,2.1750497743003097,0,0,-18.824950218200684,True,True,True
C1=CC2=CC=CC3=C2C(=C1)CC3,2,0.5469607763108971,0.9110342709546847,1.0939215526217942,2.0939215526217945,0,0,-71.90607833862305,True,True,True
NC=O,2,0.35232551302052717,0.716790243570472,0.7046510260410543,1.7046510260410543,0,0,-30.29534900188446,True,True,True
C1=CC=C2C(=C1)NCNC2C1CN2CCNCC2CN1,2,0.5778285390189503,0.6543909813334017,1.1556570780379005,2.1556570780379003,0,0,-21.459123969078064,True,True,True
CCC(=O)NC1([SH]2C=CN3C=CN=C32)C=CNC2=NC=NN21,2,0.7364396363757436,0.49974939655229256,1.4728792727514872,2.472879272751487,0,0,-32.657848715782166,True,True,True
CC1=CC=CC(C)=C1N=C1C2=CC=CC=C2C=CN1SC1=NN=CN1N,2,0.567291339552478,0.7612745353587386,1.134582679104956,2.1345826791049562,0,0,-26.947178721427917,True,True,True
***** Iteration 17 *****
C1=CC(C2=C3C=NN=CN3C=C2)=C2NN=NC2=C1,2,0.5453101495427136,0.7482321891348015,1.0906202990854272,2.090620299085427,0,0,-49.58219361305237,True,True,True
FC1=CC=C2C=NN=CC2=C1,2,0.5685728879179359,0.8604432318644104,1.1371457758358718,2.137145775835872,0,0,-55.654377460479736,True,True,True
C1=CC2=C(C=CS2)C=N1,2,0.5397735725540235,0.8514419023310634,1.079547145108047,2.079547145108047,0,0,-30.92045283317566,True,True,True
CC1=C(C2C=CCN2)C=NO1,2,0.6107906453252289,0.6368328479161057,1.2215812906504577,2.221581290650458,0,0,-109.55446219444275,True,True,True
***** Iteration 18 *****
CC1CNC(=C2OCC3(CNC3C3=CC=C4CC5=CC=C(C6=C(C7=NN=C8C=CC=NN87)C(=O)OC7=CC=CC=C76)C=C5C4=C3Cl)CO2)CN1,1,0.21325265318890432,0.5269546766804942,0.42650530637780865,0.42650530637780865,0,0,-112.85316362977028,True,False,True
FC(F)(F)CC1=CC=C2C=CC=NC2=C1C1CC2=C(C=C3OC(C4=CC(C5NCC6CCOC65)=C5CC6=CC=CC=C6C5=C4)=CC3=C2)C1,1,0.20800390579562994,0.5911442463331116,0.4160078115912599,0.4160078115912599,0,0,-72.30069726705551,True,False,True
C1=CC=C2NCCC2=C1,2,0.5472625753439292,0.8981495946387557,1.0945251506878584,2.0945251506878586,0,0,-61.90547490119934,True,True,True
***** Iteration 19 *****
CC1CCCC(=P)C1=C1CCNC2=CC=CC=C21,1,0.6795500420053004,0.6996184247350392,1.359100084010601,1.359100084010601,0,0,-31.11595332622528,True,False,True
FC1(C2C(I)NC(C3CNCC4=CC=CN43)C23CCNCC3)CC1,2,0.3729273274696063,0.4792457047963524,0.7458546549392125,1.7458546549392127,0,0,-100.5203218460083,True,True,True
FC1=CC(F)=CC(C2=C3OCC(C4=NC=CC(NC5CC6=C(CN5)SC=N6)=C4C4CCC5=C4SC=N5)NC3=CC(C3=CNC4=NC=NN4C3)=C2)=C1,1,0.14765546253764367,0.5066879199579528,0.29531092507528733,2.5463252113892816,0,0,-31.65408456325531,True,False,False
C1COCOC1,2,0.4259229282986284,0.8080128450622214,0.8518458565972568,1.8518458565972566,0,0,-52.14815413951874,True,True,True
***** Iteration 20 *****
CC(CCC=O)CC12COCC1CN(C(O)C(F)F)C2,2,0.722676186228295,0.5551842893554723,1.44535237245659,2.4453523724565898,0,0,-15.725342512130737,True,True,True
CC(O)(CO)C1=CC(=O)OC2=CC=CC=C21,2,0.7403485788737051,0.7965046455972963,1.4806971577474102,2.48069715774741,0,0,-20.12445032596588,True,True,True
C1=CC2=NN=C(C3=C4SCCCC4=CC=C3C3=CC=C4SNCC4=C3)N2N=C1,2,0.49354972859099294,0.7328528247078115,0.9870994571819859,1.9870994571819858,0,0,-23.061620116233826,True,True,True
C1=NC2=NC=NN2C2=C1CCC(C1CCNCN1)C2,2,0.7613095093080215,0.6542260197189922,1.522619018616043,2.522619018616043,0,0,-45.99521827697754,True,True,True
C1=CNC2=NN=CC2=C1,1,0.5596120928940226,0.7915011615903228,1.1192241857880452,1.1192241857880452,0,0,-28.880775809288025,False,True,True
CNC=[IH],1,0.5527136537621069,0.49696410594800217,1.1054273075242138,1.1054273075242138,0,0,-19.82087755203247,False,True,True
C1=CC2=C(C=N1)C(=C1CCC3CNCCC3N1)NC(NC1NCCO1)C2,2,0.5132486617058609,0.5559545268021124,1.0264973234117218,2.026497323411722,0,0,-46.11421525478363,True,True,True
CC1=CC(C2CC(=O)N(C)C2)=NN1,2,0.6882410298568916,0.7323525070763555,1.3764820597137832,2.3764820597137835,0,0,-15.32528018951416,True,True,True
***** Iteration 21 *****
NC1=CC=NN1,2,0.4632257080621317,0.7652445192703661,0.9264514161242634,1.9264514161242634,0,0,-31.073548555374146,True,True,True
C1=CC=C2C(=C1)N=C1CNCCN21,2,0.647090702213402,0.8537917700516162,1.294181404426804,2.294181404426804,0,0,-21.70581865310669,True,True,True
C1CC2NCCNC2C(C23CCC(CNC2)NC3)C1,2,0.5408398553644966,0.49031638065862054,1.0816797107289933,2.0816797107289933,0,0,-18.575788259506226,True,True,True
C1=CN2N=CN=C2C(C2=C3C=NN(C4CNCCC45CCOC5)C3=NC=C2)=C1,2,0.5776759854878747,0.615934134172599,1.1553519709757494,2.155351970975749,0,0,-57.9782977104187,True,True,True
CCC(C)OC1=C(C2CNC3CCCCC3O2)C=CC=C1S,2,0.8177038432875521,0.6544355970081401,1.6354076865751042,2.635407686575104,0,0,-34.3417888879776,True,True,True
NS(=O)(=O)C1=CC(C2=C3C=CC=CC3N=C2)=CC=C1,2,0.8889964548264491,0.7123161579392845,1.7779929096528981,2.777992909652898,0,0,-61.65897595882416,True,True,True
***** Iteration 22 *****
CC(CCN)COC#CCC1=C(C2CNCC3(CCCNC3)C2)C=CC=C1F,2,0.6571986810110164,0.5643665141327384,1.3143973620220328,4.9277827976323145,0,0,-115.2599368095398,True,True,False
O=C1NCC2(CCNCCC2C2=CN3C=CC=CC3=C2)NC1=C1NCC2=CC=CC=C21,2,0.4624779367081062,0.5819471107261445,0.9249558734162124,1.9249558734162124,0,0,-39.86040472984314,True,True,True
C1=CC2=CC=C(C3NCC45C=CC(CC34)O5)C=C2O1,2,0.7935240351066664,0.49113344212115145,1.5870480702133327,2.5870480702133327,0,0,-22.9103866815567,True,True,True
***** Iteration 23 *****
CC1=C(C)[SH](C2=NN=CC=C2C2=C3N=COC3=NC=N2)C=N1,2,0.7317249433022643,0.5889331479454744,1.4634498866045287,2.4634498866045287,0,0,-116.69932746887207,True,True,True
CC(N=C1CNC2=CC=CC(C3=NC=CC4=C3CNCC4)=C2N1)C(N)=O,2,0.6715468209506426,0.6574865360258184,1.343093641901285,2.343093641901285,0,0,-37.581143617630005,True,True,True
C1CC2CNCCN2C1,2,0.493299962252894,0.803297116673357,0.986599924505788,1.986599924505788,0,0,-26.013400077819824,True,True,True
C1CCC(C2C3CC4CC(C3)CC2C4)OC1,2,0.6554649316590134,0.6362838232518947,1.3109298633180269,2.3109298633180266,0,0,-19.339488983154297,True,True,True
C1=NC=C2CNCCC2=N1,2,0.5488445444058233,0.7960215233608403,1.0976890888116466,2.097689088811647,0,0,-37.902310848236084,True,True,True
C1=NN=C2CCCCN12,2,0.5058405858173595,0.8185991672883285,1.011681171634719,2.011681171634719,0,0,-18.988318920135498,True,True,True
***** Iteration 24 *****
C1=CN=C2NN=CC2=C1,2,0.5607362152362961,0.8483872014763626,1.1214724304725923,2.1214724304725925,0,0,-35.87852764129639,True,True,True
CC1=NN(C)C(C2=NC3=NC=CC=C3O2)=C1,2,0.6206971901317202,0.8291943165629314,1.2413943802634404,2.2413943802634404,0,0,-41.42756724357605,True,True,True
FC1=C([SH]2C3=C(CCCC3)C3=C2N=CN=C3)C=CC=C1Cl,2,0.59159023869954,0.6349391444245814,1.18318047739908,2.18318047739908,0,0,-55.402706265449524,True,True,True
CC1=C(C)S(=C2CCN3C=NN=C3C2)C(C2CCCCC2)=N1,2,0.7372686774765654,0.6247713690993204,1.4745373549531309,2.4745373549531307,0,0,-27.69716250896454,True,True,True
C1=NC=NO1,2,0.4332304478977853,0.6408706925662503,0.8664608957955706,1.8664608957955706,0,0,-21.133539080619812,True,True,True
***** Iteration 25 *****
C1=NC=C2CNCCN12,2,0.5253887948606539,0.76130856899773,1.0507775897213079,2.050777589721308,0,0,-90.94922232627869,True,True,True
NC1=NC=NC(N)=C1N=C1CC2=CC=CC=C2O1,2,0.783574663410604,0.7528798441863027,1.567149326821208,2.567149326821208,0,0,-16.962705850601196,True,True,True
C1=CC=C2C(=C1)CCOC2=C1CC(=C2CCCO2)CNS1,2,0.7412662739293738,0.7103758614660226,1.4825325478587477,2.4825325478587477,0,0,-35.79310405254364,True,True,True
CC1CNCC(C)C1,2,0.49829784393121207,0.7397838386406164,0.9965956878624241,1.996595687862424,0,0,-37.0034042596817,True,True,True
C1=CC=C2C(=C1)N=C1NCCN21,2,0.6303228703261367,0.8244000829204966,1.2606457406522733,2.260645740652273,0,0,-31.739354372024536,True,True,True
CC1=NC=CN1C=C1CCCC1,2,0.6202995504341619,0.7480398509302648,1.2405991008683237,2.240599100868324,0,0,-31.51128101348877,True,True,True
***** Iteration 26 *****
C1=CC=C2C(=C1)SNC2C1=CC2=NN=CN2N=C1,2,0.6721903326297938,0.698981705471397,1.3443806652595875,2.3443806652595875,0,0,-52.25230515003204,True,True,True
N#CC1=CC=C(O)C=C1,2,0.5583693139819856,0.9219928538980149,1.1167386279639713,2.1167386279639713,0,0,-23.88326144218445,True,True,True
N#CC1=C([SH]=C2OCCC3=CC=CC=C32)C=C(O)C=C1,2,0.6248212247062607,0.7386405379125931,1.2496424494125213,2.249642449412521,0,0,-102.1496798992157,True,True,True
CC1=CC(C2=NOC3=NC=NC=C32)=C2OCOC2=C1,2,0.6641953284965746,0.7962691344801818,1.3283906569931492,2.3283906569931494,0,0,-22.25095236301422,True,True,True
C1CC2OCCNC2(C2CNCC23CCNC3)C1,2,0.6182998407866849,0.5184928728954853,1.2365996815733697,2.2365996815733697,0,0,-45.392420411109924,True,True,True
***** Iteration 27 *****
O=C1CCC2=CC=CC=C2N1C1=NC=C2CNCC2=N1,2,0.8530480695246611,0.8072285071613455,1.7060961390493221,2.706096139049322,0,0,-39.725205063819885,True,True,True
C1=CC=C(C2CCCC3=C2C(C2=CC4=CC=CN=C4S2)=CN3)C=C1,2,0.4971713691018501,0.7549049882579325,0.9943427382037002,1.9943427382037002,0,0,-35.19189155101776,True,True,True
CC(O)CON1CCC2COCC2C1,2,0.7112924144112253,0.6391657054880245,1.4225848288224505,2.4225848288224503,0,0,-81.24547874927521,True,True,True
C1=NC=NN1,2,0.4582074400555656,0.6554737694893272,0.9164148801111311,1.9164148801111311,0,0,-31.083585143089294,True,True,True
CC1=CC=CC(N)=N1,2,0.5375123323676085,0.8877507449611239,1.075024664735217,2.075024664735217,0,0,-28.924975395202637,True,True,True
C1CC2CCC(CN1)N2,2,0.48082358629369887,0.6042273852093439,0.9616471725873977,1.9616471725873978,0,0,-34.038352847099304,True,True,True
***** Iteration 28 *****
C1=NN2N=CC=C2C(N2CCC3(CCNC3)CC2)=C1,2,0.8364231371037696,0.7153960649718232,1.6728462742075392,2.672846274207539,0,0,-21.79741907119751,True,True,True
C1=CC=C2C(=C1)N=CN1C=NN=C21,2,0.5100312411068736,0.8534868390851469,1.0200624822137472,2.0200624822137474,0,0,-21.97993755340576,True,True,True
C1=NC2=C(CCCC2)S1,2,0.535584506889048,0.8064852071743682,1.071169013778096,2.0711690137780963,0,0,-24.928831100463867,True,True,True
CC(C)CCC1CCCC2(CNCC2=C2CCCNCC2)C1,2,0.7608080674315875,0.6179149741424492,1.521616134863175,2.5216161348631747,0,0,-15.546090602874756,True,True,True
CN1C(=O)C=CC=C1C1=CN=CN2C=CC=C12,2,0.6319910590932694,0.808972682254939,1.2639821181865387,2.2639821181865387,0,0,-39.37788963317871,True,True,True
OC1=C(C2OCC3=CC=CC=C32)C=CC=N1,2,0.7905252450224545,0.7743005465048992,1.581050490044909,2.581050490044909,0,0,-14.997336149215698,True,True,True
OC1=CC(C2CC3(CN2)OCCO3)=CN=C1,2,0.7267751845633511,0.6502939677939104,1.4535503691267022,2.4535503691267024,0,0,-66.1588362455368,True,True,True
***** Iteration 29 *****
C1=NC2=NC=NN2CC1,2,0.4990281674642338,0.6836054350945964,0.9980563349284676,1.9980563349284677,0,0,-30.001943707466125,True,True,True
C1=C(C2CCCC3(CCNC3)C2)N=C2SCCN12,2,0.8445001315048765,0.6022026520387423,1.689000263009753,2.6890002630097527,0,0,-23.8042995929718,True,True,True
CC1=CC=CC=C1O,2,0.5359354364287862,0.954996898807278,1.0718708728575723,2.0718708728575725,0,0,-18.928129196166992,True,True,True
C1=CC=C2C(=C1)NCC21OCCO1,2,0.6477881506220932,0.7325745320599188,1.2955763012441863,2.2955763012441865,0,0,-20.704423666000366,True,True,True
CCC(O)CC1=CC=C2C(=C1)COC2C1=C2N=CN=CC2=CC=C1,2,0.7983624289672079,0.7241458812481452,1.5967248579344158,2.596724857934416,0,0,-21.394216299057007,True,True,True
C1=CC=C2OCC=NC2=C1,2,0.5282612995856393,0.8001543438736609,1.0565225991712786,2.0565225991712786,0,0,-25.943477392196655,True,True,True
CC1=NN=C(N)S1=CC(C)O,2,0.5519665502002596,0.4999584963902979,1.1039331004005193,2.1039331004005195,0,0,-19.693679213523865,True,True,True
CC1=CC=C(N)C(C)=C1C1=C2NC=CNC2=CC=C1NC1=NC(C)=C(C)S1,2,0.4420235652512898,0.755785149539365,0.8840471305025795,1.8840471305025797,0,0,-32.29098951816559,True,True,True
***** Iteration 30 *****
C1=NC=C2NC=NC2=N1,2,0.5454672838232756,0.8049535832427444,1.0909345676465512,2.090934567646551,0,0,-62.90906548500061,True,True,True
O=CC(CC(O)=C1CC2(COCCN2)C1)C1CC2=CC(F)=CC=C2CN1,2,0.5660294690095108,0.5671978939275752,1.1320589380190216,2.1320589380190214,0,0,-42.10821604728699,True,True,True
C1=CC2=C(O1)SC=C2,2,0.525531036403009,0.7407300573154364,1.051062072806018,2.051062072806018,0,0,-34.94893789291382,True,True,True
N#CC1=CC=CC=C1O,2,0.5583693139819856,0.8994470077441687,1.1167386279639713,2.1167386279639713,0,0,-24.88326144218445,True,True,True
NC1=CC(C2CCC23CNCCO3)=NO1,2,0.7039508682740789,0.5817857548058107,1.4079017365481579,2.407901736548158,0,0,-27.24012279510498,True,True,True
N#CC1=CC=CC=C1,2,0.48844457037463734,0.9573660383633739,0.9768891407492747,1.9768891407492748,0,0,-32.02311086654663,True,True,True
***** Iteration 31 *****
ClC1=CC=C(NC2C3=NN=CN3CCNC2C2=CC=C3CNCCNC3=C2)N=C1,2,0.5263928550281534,0.6642043048532332,1.0527857100563067,2.0527857100563067,0,0,-44.92851972579956,True,True,True
P=C1NC2CCNC2C1C1CCCC2OCCNC21,1,0.6076594509841299,0.5179666887637029,1.2153189019682598,1.2153189019682598,0,0,-26.260490655899048,True,False,True
C1=CC=C2SCCCNC2=C1,2,0.6338561056964159,0.848599962633641,1.2677122113928319,2.2677122113928316,0,0,-25.732287883758545,True,True,True
C1=CC=C2SC(=S3C4=NC=NC=C4C4=C3CCC4)CNC2=C1,2,0.5767192107737943,0.6287847869314884,1.1534384215475886,2.1534384215475884,0,0,-30.42363429069519,True,True,True
CN1C=C(NC2=CC=NC=C2)C(C(C)(C)C(N)C=O)=N1,2,0.8033720991903355,0.7142214934868346,1.606744198380671,2.606744198380671,0,0,-42.551703214645386,True,True,True
CC1=CC=C(S(=O)(=O)NC2=C3N=NN=C(C4=CC=CC(=O)N4)C3=C(C3COC4=C(C=C5N=C(C67CCCCC6NCC7)SC5=C4)O3)C=C2)C=C1,1,0.1934709662826782,0.5917820065719879,0.3869419325653564,0.3869419325653564,0,0,-81.87602111697197,True,False,True
***** Iteration 32 *****
C=C1OC2=NC=CC=C2NC1C1CC(C2NCC3CCC2NC3)C1N,2,0.6440487643434611,0.45653989055840266,1.2880975286869223,2.2880975286869223,0,0,-98.4174292087555,True,True,True
CC1(C2CC3=CC=CC=C3CN2)CC2=CC=CC=C2N1,2,0.8266566406881795,0.7224320168654912,1.653313281376359,2.653313281376359,0,0,-97.79558217525482,True,True,True
***** Iteration 33 *****
NC1=CC=NC=C1C1COCC2=CC(N3C=NC4=NC=CC=C43)=CC=C21,2,0.6050390200352027,0.7279657128489951,1.2100780400704054,2.2100780400704054,0,0,-93.84325337409973,True,True,True
CC(C)CCC1CC2CCC(N3CCNCC3=O)C2C1,2,0.8572344304502364,0.6730832465386398,1.7144688609004728,2.714468860900473,0,0,-57.45020508766174,True,True,True
O=C(CO)C1=NC2=CC(Br)=CC=C2S1,2,0.8527730002865909,0.8338799349230958,1.7055460005731817,2.7055460005731815,0,0,-24.57814931869507,True,True,True
CC(N)C(C)(CN1CCOC2CCC1C2)C1CCCN1,2,0.8164785301956637,0.5220358982424581,1.6329570603913275,2.6329570603913277,0,0,-19.440568208694458,True,True,True
NC(S)C(F)(F)F,2,0.368188762862966,0.7066392602840625,0.736377525725932,1.736377525725932,0,0,-34.177711725234985,True,True,True
C=C1NCC2=CC=CC=C12,2,0.5653737098715342,0.8148663863139792,1.1307474197430685,2.1307474197430682,0,0,-24.680794835090637,True,True,True
***** Iteration 34 *****
C1CC(C2CC3(CCNC3)CN2)OC2(C1)CCNC2,2,0.6506335079577826,0.5182565453677017,1.3012670159155653,2.301267015915565,0,0,-30.286665201187134,True,True,True
CCC(F)(F)F,2,0.4340813746165561,0.8625276379616297,0.8681627492331122,1.8681627492331123,0,0,-77.13183724880219,True,True,True
N#CC1=CC=C(N)C=C1NC1CCCCC(C(O)C(=O)N=C2NCCC23CCCNC3)C1,2,0.35889875758299944,0.5535403712462337,0.7177975151659989,1.7177975151659988,0,0,-38.24803137779236,True,True,True
C1=CN=C2NCC(=C3NCC4CC=C(C5=NCCC=C5)CC34)OC2=C1,2,0.8286546873925575,0.587816883288459,1.657309374785115,2.657309374785115,0,0,-26.307048559188843,True,True,True
C1CSN(C2CC3(CCN2)CNCCO3)C1,2,0.6524481314952928,0.5286730539621033,1.3048962629905856,2.3048962629905856,0,0,-23.34713125228882,True,True,True
***** Iteration 35 *****
O=C(F)CO,2,0.4281030137289682,0.7898332100487677,0.8562060274579364,1.8562060274579364,0,0,-36.07244336605072,True,True,True
C1=CC2=NN=CN2C=N1,2,0.4957398109244892,0.7981495946387559,0.9914796218489784,1.9914796218489785,0,0,-24.008520364761353,True,True,True
C=C(CO)NC(C)=C1CNCC2=C(C1)NC=N2,2,0.6116059435602845,0.6582280721031862,1.223211887120569,2.223211887120569,0,0,-80.1985547542572,True,True,True
CC(C1=CC2=CN=CN=C2N1)C(C=O)OC1=C(N)C=CC=C1,2,0.5562474675901898,0.6960042691102902,1.1124949351803797,2.1124949351803797,0,0,-72.11967754364014,True,True,True
C1=C2NCCSC2=CC(C2OCCC23CCCNC3)=C1,2,0.8327494308642527,0.6081507876325277,1.6654988617285054,2.6654988617285054,0,0,-18.779334783554077,True,True,True
***** Iteration 36 *****
ClN1CCN2C=CC=C2C1,2,0.5166799611364328,0.7248228849877193,1.0333599222728655,2.0333599222728655,0,0,-41.794413328170776,True,True,True
C1=CC=C2N=CC=CC2=C1,2,0.5311915584041306,0.961362549001866,1.0623831168082611,2.0623831168082614,0,0,-30.93761682510376,True,True,True
CC1=CC=NC(NC2CCN3CCOCC3(CCC(N)=O)C2)=C1,2,0.8552070203013008,0.7111102595417627,1.7104140406026016,2.7104140406026014,0,0,-45.26334190368652,True,True,True
O=[SH](=O)C1=CC=C(F)C=C1,2,0.6162952765893221,0.767314229913547,1.2325905531786443,2.2325905531786443,0,0,-29.767409563064575,True,True,True
C#CCNC1=C2OCCCOC2=CC=C1,2,0.744475176964987,0.8206408422774203,1.488950353929974,2.488950353929974,0,0,-36.1388121843338,True,True,True
OC1=CC=CC(Cl)=C1,2,0.5671077548351335,0.9369934023037811,1.134215509670267,2.134215509670267,0,0,-59.86578440666199,True,True,True
***** Iteration 37 *****
C1=NC2=CC=C(C34CC5CC(C3)C(C3=CCC(C6=NC7=CC8=C(C=C7S6)OCCO8)OC3)C(C5)C4)C=C2N=N1,2,0.28794818816766854,0.4968415469228941,0.5758963763353371,1.575896376335337,0,0,-50.855695843696594,True,True,True
ClC1=C(C2COCC3=NC=CN32)C=C(I=C2CNC3CCNC3C2)N=C1,1,0.5038342574922191,0.5304981610685225,1.0076685149844382,1.0076685149844382,0,0,-44.08809471130371,False,True,True
CC1=C(C2=NC(O)=C3C(=N2)CNC3OC(F)CCN)C=C2C=CC=CC2=N1,2,0.634182796682297,0.6595831782837926,1.268365593364594,2.268365593364594,0,0,-62.963537096977234,True,True,True
C1=CC2=C(C3CCN(N4CCNC4)C3)C=NC=C2C=N1,2,0.887192799192957,0.6988168781022193,1.774385598385914,2.774385598385914,0,0,-14.254472494125366,True,True,True
***** Iteration 38 *****
C1=COC([SH]2C=NC3=CC(N4CNC(C5=NOC6=C5CNCC6)C4)=CN=C32)=C(C2=C3CNCCCN3N=C2)C1,2,0.36726480931498495,0.5010789206118953,0.7345296186299699,1.73452961862997,0,0,-50.22969198226929,True,True,True
NC1=CC=C(N2CCCOCC2C2=CC=C3CCCC3=C2)C(N)=C1,2,0.8323533290372673,0.7806849760479202,1.6647066580745347,2.6647066580745347,0,0,-60.33129668235779,True,True,True
CC1=NC=C(C2=CSC3=CC=CN32)C=N1,2,0.6244879082127901,0.7798128702494483,1.2489758164255802,2.24897581642558,0,0,-20.438780307769775,True,True,True
C1=CC=C2N=NN=CC2=C1,2,0.5355010476666257,0.8595476772069942,1.0710020953332513,2.0710020953332515,0,0,-22.92899799346924,True,True,True
CC1=CC=CC(CC2COCO2)=N1,2,0.6854759141812601,0.7699789128343403,1.3709518283625202,2.37095182836252,0,0,-17.332008600234985,True,True,True
OC1=CC=C(Cl)C=C1,2,0.5671077548351335,0.9663794162897952,1.134215509670267,2.134215509670267,0,0,-21.865784406661987,True,True,True
O=NC1CC1=C1CCCCNC1,2,0.47451778153242014,0.6533130384105312,0.9490355630648403,1.9490355630648404,0,0,-41.790759325027466,True,True,True
***** Iteration 39 *****
C1=CN=C2N=CN=C(C3NCCC4=C3C(C3CNCCC35OCCO5)=NO4)C2=C1,2,0.6597484681282312,0.5759737612396805,1.3194969362564624,2.3194969362564626,0,0,-24.597551584243774,True,True,True
C1=CC2=C(CCCC2)N=N1,2,0.5350027180214145,0.8245358823351994,1.070005436042829,2.070005436042829,0,0,-19.929994583129883,True,True,True
NC1=CC=C(S(=O)(=O)N=C2CNC(C3=CC=C4CNCCOC4=C3)C3=C2N=NC(N2CC4(COCOC4)C2)=C3)C=C1,1,0.38376940180231456,0.5969440736258077,0.7675388036046291,0.7675388036046291,0,0,-88.5706832408905,True,False,True
C1=CC2=NN=CN2N=C1,2,0.4957398109244892,0.8218265177156788,0.9914796218489784,1.9914796218489785,0,0,-47.00852036476135,True,True,True
C1=CON=C1,2,0.4472609802175263,0.6413455643611221,0.8945219604350526,1.8945219604350525,0,0,-32.105478048324585,True,True,True
CN1N=C(C2COC3(CCCCC3C3NCCOC4=CC=CC=C43)O2)C2=CN=CN=C21,2,0.6808245049018466,0.5790703800159357,1.3616490098036933,2.3616490098036933,0,0,-23.403709769248962,True,True,True
***** Iteration 40 *****
CC1CNC(N2C3=CC=CC=C3N=C2C2=NC=C3CCCCC3=N2)C(C)C1,2,0.7453552752488737,0.6781557643107204,1.4907105504977474,2.4907105504977474,0,0,-22.376875281333923,True,True,True
CC1=CC=C(N)C(O)=C1,2,0.40297528147681455,0.9054037256928869,0.8059505629536291,1.8059505629536292,0,0,-26.19404947757721,True,True,True
NC1(N2CC3(OCCO3)C3=C(N4C=C5C=CC=NC5=N4)C=CC=C32)CCCC1,2,0.7397673324627123,0.6672439136841725,1.4795346649254246,2.4795346649254246,0,0,-12.299305319786072,True,True,True
O=C1COC2=C(C3=CC=C4N=CSC4=C3)C=CC=C2N1,2,0.7447791582980571,0.830289263354305,1.4895583165961142,2.4895583165961144,0,0,-42.013922333717346,True,True,True
CCC=[SH]C1CCC2CNCC21,2,0.49240363724458314,0.5200534786380506,0.9848072744891663,1.9848072744891663,0,0,-33.76176619529724,True,True,True
CC1=C(C2=C(Cl)C=CC=C2Cl)C=C2C(C34CCNC3CCCO4)=CC=CC2=N1,2,0.5694223359646989,0.6961675916523107,1.1388446719293979,2.138844671929398,0,0,-25.965888023376465,True,True,True
NC1=CC=NC=N1,2,0.49531271324374415,0.8441428493605725,0.9906254264874883,1.9906254264874883,0,0,-57.00937461853027,True,True,True
***** Iteration 41 *****
C1=CN=C2ON=CC2=C1,2,0.524337023241302,0.7894168311059924,1.048674046482604,2.048674046482604,0,0,-17.9513258934021,True,True,True
CC1=CC=C(C2=C(Cl)C(C3=NC(NC4=NOC(C=[SH]CC5CNCCN5)=N4)=CC=C3)=CC=C2Cl)N=N1,2,0.20194515587370954,0.6321506270881291,0.4038903117474191,1.403890311747419,0,0,-57.37023043632507,True,True,True
OC1=CC=C(F)C=C1F,2,0.5659190507619332,0.9268659051800664,1.1318381015238663,2.1318381015238663,0,0,-19.868161916732788,True,True,True
C1=CC=C2OC3=CC=CC=C3CC2=C1,2,0.5175220360330332,0.9053205942637553,1.0350440720660663,2.035044072066066,0,0,-22.964956045150757,True,True,True
CC1CNCC1=C1NCCC2=CC=CC=C21,2,0.6876976317402843,0.738655374655472,1.3753952634805686,2.3753952634805686,0,0,-31.257832646369934,True,True,True
C1=COC(C2COC3(CCNC(=CC4CCCNC4)C3)C2)=N1,2,0.8768071152126791,0.5310405924614521,1.7536142304253581,2.753614230425358,0,0,-19.190754532814026,True,True,True
C1CCC2(CC1)OCCO2,2,0.5121455718896916,0.7934497291561252,1.0242911437793831,2.024291143779383,0,0,-20.975708961486816,True,True,True
***** Iteration 42 *****
NC1=CC=CC(C2CCCC3=C2N=NC=C3)=C1N,2,0.7482417602560166,0.7408456436699505,1.4964835205120333,2.496483520512033,0,0,-42.05457139015198,True,True,True
C1=NC2=NON=C2N=C1,2,0.49215045879705277,0.7744532983424595,0.9843009175941055,1.9843009175941055,0,0,-60.01569902896881,True,True,True
C1=CC=C2COCC2=C1,2,0.5061667423941253,0.8935307912199524,1.0123334847882506,2.0123334847882504,0,0,-44.987666606903076,True,True,True
CC(C)(C)C=O,2,0.40510548719448064,0.8253418391450617,0.8102109743889613,1.8102109743889612,0,0,-22.189789056777954,True,True,True
C1=CC=C2SNCC2=C1,2,0.5470765267054682,0.76696611885528,1.0941530534109365,2.0941530534109365,0,0,-19.90584683418274,True,True,True
C1=CC=C2C=NC=CC2=C1,2,0.5311915584041306,0.9397528054121226,1.0623831168082611,2.0623831168082614,0,0,-17.93761682510376,True,True,True
C1CC2CCC(CN1)N2,2,0.48082358629369887,0.6042273852093439,0.9616471725873977,1.9616471725873978,0,0,-18.038352847099304,True,True,True
***** Iteration 43 *****
C1=CC2=C3C(=C1)C=C(C1=C4C=NNC4=CC=C1)C=C3NC2,2,0.5413690891900282,0.8205775708677321,1.0827381783800565,2.0827381783800565,0,0,-123.53830349445343,True,True,False
P=C1CCNCC1,1,0.45773581540692276,0.6489059262836494,0.9154716308138455,0.9154716308138455,0,0,-17.977723300457,True,False,True
FC1=CC=CC(Cl)=C1,2,0.5062680369802974,0.9608724232828022,1.0125360739605949,2.012536073960595,0,0,-18.98746395111084,True,True,True
***** Iteration 44 *****
NC1=CC=C2COCC2=C1,2,0.544013485599238,0.8505364128391781,1.088026971198476,2.088026971198476,0,0,-125.91197299957275,True,True,False
SC12CCCC1CNC2,2,0.4831455870848477,0.5901677141186588,0.9662911741696955,1.9662911741696956,0,0,-40.88876509666443,True,True,True
CC(C=N)C(N)C1=C(C2CCCC3=C2NN=C3)C=C2C=CN=CN21,2,0.6444165278669792,0.5874725957626192,1.2888330557339585,2.2888330557339582,0,0,-20.458179473876953,True,True,True
NC1CNC(=O)C1=C1CC=C(C2=NN=C3C=NN=C32)C1,1,0.6378626616274325,0.5716558170942618,1.275725323254865,1.275725323254865,0,0,-24.050772070884705,False,True,True
CC(C)CCC=O,2,0.4923993182856671,0.8418572083349315,0.9847986365713342,1.9847986365713342,0,0,-69.01520133018494,True,True,True
***** Iteration 45 *****
CC1CNC(=CN2C=CN=N2)C1C1=CC=NCC1,2,0.8523078090648872,0.5386615859521064,1.7046156181297745,2.7046156181297745,0,0,-63.536274433135986,True,True,True
S=C1NCOC12CCCNC2=C1COC2=CC=CC=C2N1,2,0.6347622351136296,0.6141415345477895,1.2695244702272592,2.2695244702272594,0,0,-92.84148836135864,True,True,True
C1=CC2=CC=NN2N=C1,2,0.511375604737478,0.7813079991971603,1.022751209474956,2.022751209474956,0,0,-38.97724890708923,True,True,True
CC1=CC(C2CCCC23CCN(C2=C4CCC=CC4=CC=C2)C3)=C(N)C=C1N,2,0.7039651461813163,0.6263092257476905,1.4079302923626327,2.4079302923626327,0,0,-55.48157286643982,True,True,True
***** Iteration 46 *****
CC1=CC(CC2=CC=CC=C2)=NC2=NC=NN12,2,0.6685217835123501,0.859034584923699,1.3370435670247003,2.3370435670247005,0,0,-35.28412747383118,True,True,True
C1=COCCC1,2,0.42968901482928296,0.7235333578827343,0.8593780296585659,1.8593780296585658,0,0,-34.14062201976776,True,True,True
N#CC1=CC(COC2CCCC2C2=NN=CN2)=CC=C1,2,0.9241756612481885,0.7085347548055174,1.848351322496377,2.8483513224963772,0,0,-25.310120105743408,True,True,True
C1=CNC=C1,2,0.4658690337597367,0.730228641284199,0.9317380675194734,1.9317380675194733,0,0,-39.06826198101044,True,True,True
C1=NN=C2CCCCN12,2,0.5058405858173595,0.8185991672883285,1.011681171634719,2.011681171634719,0,0,-17.988318920135498,True,True,True
NC1=CC=C2NN=C(C3=CC=CO3)C2=C1,2,0.5911278248375836,0.8490289541655324,1.1822556496751673,2.1822556496751675,0,0,-53.5221803188324,True,True,True
