OC1=CC=CC=C1,2,0.514729544768675,0.9803820801298032,1.02945908953735,2.02945908953735,0,0,1.029458999633789,True,True,True
C1=CN=C2N=CN=CC2=N1,2,0.5208798044315195,0.8256148566941737,1.041759608863039,2.041759608863039,0,0,1.0417594909667969,True,True,True
CC1=CC(C2C=NC=NC2)=C(C)C=C1,2,0.6434805651491159,0.7074099355901757,1.2869611302982318,2.2869611302982316,0,0,3.5872520208358765,True,True,True
C1=CC2=CC=CC3=C2C(=C1)NC3,2,0.6164470483067976,0.8571671769375906,1.2328940966135953,2.2328940966135953,0,0,1.2328941822052002,True,True,True
CC1=CC=C(C)C([SH]2C=CN3C=NN=C32)=C1,2,0.7649832923820075,0.5940943841196434,1.529966584764015,2.529966584764015,0,0,3.9379576444625854,True,True,True
NS(=O)(=O)C1=CC=C[SH]1C1=NN2N=CC=C2C=C1,2,0.7951382864381623,0.5562322836513869,1.5902765728763246,2.5902765728763244,0,0,4.067359447479248,True,True,True
CC1=CC(C2CC3(CCN2)CCOC3)=C(C)C=C1,2,0.8204566877406999,0.6688509535947361,1.6409133754813998,2.6409133754814,0,0,4.133187532424927,True,True,True
C1=CC=C2NCNCC2=C1,2,0.5560375784171333,0.8256215233608404,1.1120751568342666,2.1120751568342664,0,0,1.1120750904083252,True,True,True
C1=NCCN1,2,0.41245020297982743,0.6361537694893271,0.8249004059596549,1.8249004059596547,0,0,0.8249003887176514,True,True,True
C1=CC=C2CCNCCC2=C1,2,0.5842095781812086,0.9071934358271143,1.168419156362417,2.1684191563624173,0,0,1.1684191226959229,True,True,True
C1=CN=C2CCCC2=C1,2,0.5048392719756645,0.8822732413624025,1.009678543951329,2.009678543951329,0,0,1.009678602218628,True,True,True
CCCC#N,2,0.45506987992747255,0.8062832369449485,0.9101397598549451,1.9101397598549452,0,0,0.910139799118042,True,True,True
CN1C=CN=C1,2,0.44321566985872485,0.8011386369174249,0.8864313397174497,1.8864313397174497,0,0,0.8864313364028931,True,True,True
C1=NOC2=C1CCCC2,2,0.522804074977869,0.7888852071743683,1.045608149955738,2.045608149955738,0,0,1.0456080436706543,True,True,True
N#CCC1=NN2N=CC=C2C=C1,2,0.6162569952075441,0.7312745762049899,1.2325139904150881,2.232513990415088,0,0,3.479016661643982,True,True,True
NC1=NNC=N1,2,0.4401655824084768,0.6469042477771535,0.8803311648169536,1.8803311648169536,0,0,0.8803311586380005,True,True,True
NCC#CC1=CC=CC=C1,2,0.5220784226991125,0.8983857497092045,1.044156845398225,2.0441568453982253,0,0,1.044156789779663,True,True,True
C1CC2CNCC1O2,2,0.4821069537484665,0.5766459532991299,0.964213907496933,1.9642139074969331,0,0,0.9642138481140137,True,True,True
C1=CC=C2NC=NC2=C1,2,0.5583728365871126,0.8986504493396106,1.1167456731742251,2.116745673174225,0,0,1.1167457103729248,True,True,True
O=C1C=CC2=CC=CC=C2O1,2,0.5302216682110639,0.9253413087874873,1.0604433364221277,2.0604433364221277,0,0,1.06044340133667,True,True,True
CC1=CSC(N)=N1,2,0.5468471344875042,0.8334221206156331,1.0936942689750084,2.0936942689750087,0,0,1.0936942100524902,True,True,True
CC1=COC2=CC=CC=C12,2,0.5367972534391235,0.910833495067295,1.073594506878247,2.073594506878247,0,0,1.073594570159912,True,True,True
C1CC2CCC(CN1)N2,2,0.48082358629369887,0.6042273852093439,0.9616471725873977,1.9616471725873978,0,0,0.9616471529006958,True,True,True
FC1=CC=CC=C1,2,0.46184033029146143,1.0,0.9236806605829229,1.9236806605829229,0,0,0.9236806631088257,True,True,True
C1=NN=C2N=CNC=C12,1,0.5437608707231925,0.7217342100233712,1.087521741446385,1.087521741446385,0,0,0.08752179145812988,False,True,True
CC(C)O,2,0.42840479403162834,0.9179662427001389,0.8568095880632567,1.8568095880632567,0,0,0.8568096160888672,True,True,True
CC1=CN=CO1,2,0.46699996727347143,0.7391332070531715,0.9339999345469429,1.933999934546943,0,0,0.9339998960494995,True,True,True
CC=O,2,0.35500761339323206,0.7732261410063693,0.7100152267864641,1.7100152267864641,0,0,0.7100151777267456,True,True,True
CC1CNCC(CC2=NN3N=CC=CC3=C2)O1,2,0.8256510920387472,0.648270084197597,1.6513021840774944,2.6513021840774944,0,0,4.1191710233688354,True,True,True
NC1CCC1,2,0.44181795782751687,0.910645564361122,0.8836359156550337,1.8836359156550337,0,0,0.8836358785629272,True,True,True
C1=CN2N=CN=C2N=C1,2,0.4957398109244892,0.8114441815333426,0.9914796218489784,1.9914796218489785,0,0,0.9914796352386475,True,True,True
CC1=CC=C(CC2CNC(=O)C2N)C=C1,2,0.7413222417045342,0.7631798633628403,1.4826444834090684,2.4826444834090684,0,0,3.853305697441101,True,True,True
NC1=CC=CC(S(=O)(=O)NC2=C3C=CC=NN3N=C2)=C1,2,0.703131387107055,0.8284367964634795,1.40626277421411,2.40626277421411,0,0,3.8750171661376953,True,True,True
C1=CN=C2CCNCC2=C1,2,0.5654139438780981,0.8354384464377633,1.1308278877561961,2.130827887756196,0,0,1.1308279037475586,True,True,True
O=C1CCNCC1C1=NN2N=CC=C2C=C1,2,0.7481113054089524,0.6780386807111185,1.4962226108179049,2.496222610817905,0,0,3.895215153694153,True,True,True
CC1=CC([SH]2CCCN2)=C(C)C=C1,2,0.6563419373181956,0.612266690490539,1.3126838746363911,2.312683874636391,0,0,3.597098708152771,True,True,True
C1=CC(C2=CC3=CC=NN3N=C2)CNC1,2,0.6974481342314452,0.6327713635350205,1.3948962684628905,2.3948962684628903,0,0,3.743620276451111,True,True,True
C1=CC2=C([SH]3C=CN4C=CN=C43)C=NN2N=C1,2,0.6627685181416686,0.567389596148848,1.3255370362833372,2.325537036283337,0,0,3.701105833053589,True,True,True
FC1=CC=CC(Br)=C1,2,0.5678956661095027,0.9467913044016834,1.1357913322190054,2.1357913322190054,0,0,1.135791301727295,True,True,True
CC1=CC(C2C=NC3=NNC=C3C2)=C(C)C=C1,2,0.7957493485877226,0.6854964819801038,1.5914986971754452,2.591498697175445,0,0,4.042423248291016,True,True,True
O=[SH](=O)C1=CC=CC=C1,2,0.5842392957793138,0.7561005462057072,1.1684785915586275,2.1684785915586273,0,0,1.1684784889221191,True,True,True
C1CC2(CCN1)CNCCO2,2,0.5062566941719578,0.7163967465175041,1.0125133883439157,2.0125133883439155,0,0,1.0125133991241455,True,True,True
C1=CC(CC2CCC2)=NN2N=CC=C12,2,0.720089177191393,0.7794191469306004,1.440178354382786,2.4401783543827857,0,0,3.776219964027405,True,True,True
C1=NC=NO1,2,0.4332304478977853,0.6408706925662503,0.8664608957955706,1.8664608957955706,0,0,0.866460919380188,True,True,True
CCCC#N,2,0.45506987992747255,0.8062832369449485,0.9101397598549451,1.9101397598549452,0,0,0.910139799118042,True,True,True
CC(C)CC=O,2,0.4618018883133206,0.8044507937801701,0.9236037766266412,1.9236037766266412,0,0,0.9236037731170654,True,True,True
NC1=NC2=CC=CC=C2S1,2,0.6223520348087765,0.9090075003723346,1.244704069617553,2.244704069617553,0,0,1.244704008102417,True,True,True
C1=CC=C2SN=CC2=C1,2,0.5397735725540235,0.83948007896924,1.079547145108047,2.079547145108047,0,0,1.0795471668243408,True,True,True
CC1=CC(C2CNCC3(CNCO3)C2)=C(C)C=C1,2,0.7910215859257789,0.6394154506361563,1.5820431718515577,2.5820431718515575,0,0,4.056656122207642,True,True,True
C1=CC(CC2COCCN2)=NN2N=CC=C12,2,0.7852900171764193,0.6885231187907694,1.5705800343528387,2.5705800343528384,0,0,3.989401340484619,True,True,True
C1=CSC=N1,2,0.4600956630432944,0.6849106925662504,0.9201913260865888,1.9201913260865888,0,0,0.9201912879943848,True,True,True
C1=NNC2=C1CNC2,1,0.4925073282443973,0.7227415957769748,0.9850146564887946,0.9850146564887946,0,0,-0.014985322952270508,False,True,True
NC1=CC=C(Cl)C=C1,2,0.5297860823199099,0.9585283673387465,1.0595721646398197,2.0595721646398197,0,0,1.0595722198486328,True,True,True
C1=CN2C=CN=C2N=C1,2,0.511375604737478,0.8266629849521462,1.022751209474956,2.022751209474956,0,0,1.0227510929107666,True,True,True
C1=CC=C2SCCC2=C1,2,0.5272088210327247,0.8681866316757928,1.0544176420654494,2.0544176420654496,0,0,1.054417610168457,True,True,True
C1=CC=C2OCCCC2=C1,2,0.5270652878208939,0.9182204977198148,1.0541305756417878,2.054130575641788,0,0,1.0541305541992188,True,True,True
C1=CN=C2N=CN=CC2=C1,2,0.5355010476666257,0.8572810105403276,1.0710020953332513,2.0710020953332515,0,0,1.0710020065307617,True,True,True
NCCCC=O,2,0.38633337155114283,0.811738806600683,0.7726667431022857,1.7726667431022856,0,0,0.7726666927337646,True,True,True
O=C1NCC(C2=NN3N=CC=C3C=C2)N1,2,0.6892466150504931,0.6591593044829617,1.3784932301009862,2.378493230100986,0,0,3.723116636276245,True,True,True
CC1CCC1C1=NN2N=CC=C2C=C1,2,0.6850059613466184,0.6670879220018721,1.3700119226932368,2.370011922693237,0,0,3.6896812915802,True,True,True
C1=CC(CC2=NN3N=CC=C3C=C2)=CO1,2,0.6328193693557409,0.7545373457739237,1.2656387387114818,2.265638738711482,0,0,3.582048535346985,True,True,True
C1=CC=C2OC3=CC=CC=C3CC2=C1,2,0.5175220360330332,0.9053205942637553,1.0350440720660663,2.035044072066066,0,0,1.0350439548492432,True,True,True
CC1=CC(C2CCO2)=C(C)C=C1,2,0.6166282526617717,0.8366143104718033,1.2332565053235434,2.2332565053235434,0,0,3.4799078702926636,True,True,True
CC1=CC(C2=NN=C3C=NN=C32)=C(C)C=C1,1,0.6794702053509094,0.7423575272652728,1.3589404107018188,1.3589404107018188,0,0,2.7213244438171387,False,True,True
CC1=CC(OCCO)=C(C)C=C1,2,0.7398053146923949,0.9272548226252364,1.4796106293847897,2.4796106293847897,0,0,3.775532841682434,True,True,True
FC(F)(F)OC1=NN2N=CC=C2C=C1,2,0.7065626582222606,0.758270861944792,1.4131253164445212,2.413125316444521,0,0,3.7428544759750366,True,True,True
C1=CC=C2NCCCCC2=C1,2,0.5939685892467294,0.9018554404891191,1.1879371784934587,2.187937178493459,0,0,1.1879372596740723,True,True,True
CCC[SH](=O)=O,2,0.5054126756997471,0.5987984860878625,1.0108253513994943,2.010825351399494,0,0,1.0108253955841064,True,True,True
CC1=NNC=C1,2,0.49044689078380066,0.7259259672341671,0.9808937815676013,1.9808937815676013,0,0,0.9808937311172485,True,True,True
O=[SH](=O)C1=CC=C(F)C=C1,2,0.6162952765893221,0.767314229913547,1.2325905531786443,2.2325905531786443,0,0,1.2325904369354248,True,True,True
C1=CC=C2C=NC=CC2=C1,2,0.5311915584041306,0.9397528054121226,1.0623831168082611,2.0623831168082614,0,0,1.0623831748962402,True,True,True
C1=CC=C2C(=C1)N=C1C=CC=CN21,2,0.5037535936875102,0.9061018292232139,1.0075071873750203,2.0075071873750203,0,0,1.007507085800171,True,True,True
CC1=CC(C2CCCC3=CON=C32)=C(C)C=C1,2,0.7410159545666989,0.7531680675374034,1.4820319091333978,2.482031909133398,0,0,3.9019408226013184,True,True,True
CC1=CC(C2=CN3N=CN=C3N=C2)=C(C)C=C1,2,0.6371440484470994,0.8426295111403392,1.2742880968941988,2.2742880968941988,0,0,3.6353365182876587,True,True,True
C1CN2CNCC2CN1,2,0.4287832259553397,0.7043210482972886,0.8575664519106794,1.8575664519106794,0,0,0.8575664758682251,True,True,True
C1=CC=C2C=NC=CC2=C1,2,0.5311915584041306,0.9397528054121226,1.0623831168082611,2.0623831168082614,0,0,1.0623831748962402,True,True,True
C1=CC=C2OCC=CC2=C1,2,0.5248586037624025,0.8469328054121225,1.049717207524805,2.0497172075248047,0,0,1.0497171878814697,True,True,True
OC1=CC=CC(Cl)=C1,2,0.5671077548351335,0.9369934023037811,1.134215509670267,2.134215509670267,0,0,1.1342155933380127,True,True,True
C1=CC2=C(C3CCC4=CN5N=CN=C5N=C4C3)C=NN2N=C1,2,0.5303463145160395,0.7002346703813718,1.060692629032079,2.0606926290320793,0,0,3.4496132135391235,True,True,True
CC(C)C(C)N,2,0.5067851934466806,0.8483171060843309,1.0135703868933612,2.0135703868933614,0,0,1.0135703086853027,True,True,True
C1CC2C3CCC(C3)C2C1,2,0.48010090237684666,0.6530459450445816,0.9602018047536933,1.9602018047536933,0,0,0.9602018594741821,True,True,True
C1=CN=NC=N1,2,0.43639752184178915,0.7667384860878624,0.8727950436835783,1.8727950436835783,0,0,0.8727949857711792,True,True,True
NC1=CC=CS1,2,0.5213867519035228,0.7780780034332623,1.0427735038070456,2.0427735038070454,0,0,1.0427734851837158,True,True,True
C1=CC(CC2COCCN2)=NN2N=CC=C12,2,0.7852900171764193,0.6885231187907694,1.5705800343528387,2.5705800343528384,0,0,3.989401340484619,True,True,True
CC1=CC=C2C=CC=CC2=N1,2,0.5519055037199659,0.9485893857105643,1.1038110074399319,2.1038110074399317,0,0,1.1038110256195068,True,True,True
C1=CN=C2CCNCCC2=C1,2,0.5875248871501547,0.8477813146149931,1.1750497743003094,2.1750497743003097,0,0,1.1750497817993164,True,True,True
C#CCOC1=NN2N=CC=C2C=C1,2,0.6286611750780333,0.7433770498190824,1.2573223501560666,2.2573223501560666,0,0,3.529742121696472,True,True,True
C1=CN=CC=N1,2,0.4525571430979931,0.8918265202758966,0.9051142861959862,1.9051142861959862,0,0,0.9051142930984497,True,True,True
CC1=NN=C(N)S1,2,0.5330598416357364,0.8134528898464024,1.0661196832714728,2.0661196832714728,0,0,1.06611967086792,True,True,True
FC1=CC=CC(Br)=C1,2,0.5678956661095027,0.9467913044016834,1.1357913322190054,2.1357913322190054,0,0,1.135791301727295,True,True,True
C1CNCC2(C1)CNCO2,2,0.4863606862788115,0.615693319566795,0.972721372557623,1.972721372557623,0,0,0.9727213382720947,True,True,True
CC1=CC(C)=NC=N1,2,0.49689376298127774,0.8766318638422429,0.9937875259625555,1.9937875259625555,0,0,0.9937875270843506,True,True,True
C1=NCCN1,2,0.41245020297982743,0.6361537694893271,0.8249004059596549,1.8249004059596547,0,0,0.8249003887176514,True,True,True
C1CCC2OCCNC2C1,2,0.5413055085507626,0.7394844072501231,1.0826110171015253,2.0826110171015255,0,0,1.082611083984375,True,True,True
C1OCC2(CNC2)CO1,2,0.4816169821424798,0.6650024640325505,0.9632339642849596,1.9632339642849597,0,0,0.9632339477539062,True,True,True
CC1=CC([SH]2C=CC3=C2N=CN=C3)=C(C)C=C1,2,0.611540670911768,0.6225325887304963,1.223081341823536,2.2230813418235362,0,0,3.5696210861206055,True,True,True
CC(N)C=O,2,0.42636762949113444,0.7511362876389245,0.8527352589822689,1.852735258982269,0,0,0.8527352809906006,True,True,True
NC1=CC=C(Br)C=C1,2,0.5949453623603693,0.9397710246814037,1.1898907247207386,2.1898907247207386,0,0,1.1898906230926514,True,True,True
CC1=CC(C2CCC23CCC3)=C(C)C=C1,2,0.6318854890243215,0.743512731723468,1.263770978048643,2.263770978048643,0,0,3.579713821411133,True,True,True
CN1C=CN=N1,2,0.43513659491629303,0.7331286821662937,0.8702731898325861,1.8702731898325862,0,0,0.870273232460022,True,True,True
C1=NN=C2CNCCN12,2,0.5009956150278938,0.7609330704222316,1.0019912300557876,2.0019912300557876,0,0,1.0019912719726562,True,True,True
C1=CC=C2NC=CNC2=C1,2,0.5637548364109582,0.7959861387454558,1.1275096728219165,2.1275096728219163,0,0,1.127509593963623,True,True,True
FCF,2,0.3834948242297383,0.7623953717756,0.7669896484594766,1.7669896484594765,0,0,0.7669897079467773,True,True,True
OC1CCCCC1,2,0.4863248839438126,0.9090828493605725,0.9726497678876252,1.9726497678876251,0,0,0.9726498126983643,True,True,True
C1CC2(CCN1)OCCO2,2,0.5219173606675053,0.7424676778740741,1.0438347213350105,2.0438347213350108,0,0,1.0438346862792969,True,True,True
CC1=NC=CC=N1,2,0.4745494696119243,0.8897297724374956,0.9490989392238486,1.9490989392238487,0,0,0.9490989446640015,True,True,True
CC1=CC(N2C=CC3=CC=CC=C3C2)=C(C)C=C1,2,0.7122080647169934,0.8472904950738768,1.4244161294339868,2.424416129433987,0,0,3.8517409563064575,True,True,True
C1=NC=NO1,2,0.4332304478977853,0.6408706925662503,0.8664608957955706,1.8664608957955706,0,0,0.866460919380188,True,True,True
C1=CC2=C(COCC2)S1,2,0.5338228245160177,0.7978430419322032,1.0676456490320354,2.0676456490320354,0,0,1.06764554977417,True,True,True
C1=NN2CCCNC2=C1,2,0.5499610145661873,0.7302641245532857,1.0999220291323746,2.0999220291323746,0,0,1.0999219417572021,True,True,True
CC1=CC=NN1C,2,0.4652232925414449,0.8218990436925563,0.9304465850828898,1.9304465850828898,0,0,0.9304466247558594,True,True,True
OC1CNC1,2,0.3832769474568293,0.82964428230984,0.7665538949136586,1.7665538949136586,0,0,0.7665538787841797,True,True,True
C1=NN2CCNCC2=C1,2,0.5253887948606539,0.7478424721316332,1.0507775897213079,2.050777589721308,0,0,1.0507776737213135,True,True,True
CC1=CC(C2CC3(CCNC3)CCN2)=C(C)C=C1,2,0.7934878348059821,0.6686266932397067,1.5869756696119641,2.586975669611964,0,0,4.063068270683289,True,True,True
C1=CC=C2C(=C1)C=NC1=NN=CN21,2,0.5100312411068736,0.8357787523001371,1.0200624822137472,2.0200624822137474,0,0,1.0200624465942383,True,True,True
C1CNCC2(C1)CNCCO2,2,0.5062566941719578,0.6584378194456562,1.0125133883439157,2.0125133883439155,0,0,1.0125133991241455,True,True,True
C1=CC=C2NCCNC2=C1,2,0.5618547653255865,0.8492784464377634,1.123709530651173,2.123709530651173,0,0,1.1237094402313232,True,True,True
NC1CCOCC1,2,0.4702306243406387,0.8360151570528801,0.9404612486812775,1.9404612486812773,0,0,0.940461277961731,True,True,True
C1=NC=C2CCCCC2=N1,2,0.5350027180214145,0.8473851131044301,1.070005436042829,2.070005436042829,0,0,1.0700054168701172,True,True,True
C1=CCC(C2=CC3=CC=NN3N=C2)C1,2,0.6371713713539808,0.7284916565348173,1.2743427427079617,2.2743427427079617,0,0,3.5716893672943115,True,True,True
CC1=CC=C(C)C([SH]2C=CC3=C2OC=C3)=C1,2,0.7207417356635708,0.6158980630494093,1.4414834713271416,2.4414834713271416,0,0,3.8258790969848633,True,True,True
C1=NN=C2CNCCN12,2,0.5009956150278938,0.7609330704222316,1.0019912300557876,2.0019912300557876,0,0,1.0019912719726562,True,True,True
CC1=CC=C(C)C(NC2=CN=CC=C2C)=C1,2,0.8196379233149932,0.9037089728245442,1.6392758466299864,2.639275846629986,0,0,4.076416015625,True,True,True
NC1=CC=CN=N1,2,0.49531271324374415,0.8269636185913417,0.9906254264874883,1.9906254264874883,0,0,0.9906253814697266,True,True,True
CC(C)(C)C=O,2,0.40510548719448064,0.8253418391450617,0.8102109743889613,1.8102109743889612,0,0,0.8102109432220459,True,True,True
C1=NC=NO1,2,0.4332304478977853,0.6408706925662503,0.8664608957955706,1.8664608957955706,0,0,0.866460919380188,True,True,True
O=CCCC=O,2,0.3620014734523953,0.7661378450622214,0.7240029469047906,1.7240029469047906,0,0,0.7240029573440552,True,True,True
C1=CC=C2CCCCC2=C1,2,0.5086297206140045,0.9503943438736608,1.017259441228009,2.017259441228009,0,0,1.0172593593597412,True,True,True
***** Iteration 352 *****
O=C1C=CC2=CC=CC=C2O1,2,0.5302216682110639,0.9253413087874873,1.0604433364221277,2.0604433364221277,0,0,1.06044340133667,True,True,True
CC1=CC(C2C=NC3=CC=CC=C3O2)=C(C)C=C1,2,0.7300800812397936,0.7745080697054535,1.4601601624795872,2.4601601624795872,0,0,3.898208260536194,True,True,True
CC1=CC([SH]2C=CC3=C2OC=C3)=C(C)C=C1,2,0.7207417356635707,0.6158980630494093,1.4414834713271414,2.4414834713271416,0,0,3.8258790969848633,True,True,True
CC1=CC(C2CCC3=C(CC2)NN=C3)=C(C)C=C1,2,0.7566109601965311,0.7873669454450984,1.5132219203930621,2.513221920393062,0,0,3.967188596725464,True,True,True
CC1=CC=C(CCC2CNCC(C)C2)C=C1,2,0.8197302855174871,0.7963803442649233,1.6394605710349741,2.639460571034974,0,0,4.076650023460388,True,True,True
CC1=CN=C(C)S1,2,0.4992737594689495,0.8288407440974146,0.998547518937899,1.998547518937899,0,0,0.9985475540161133,True,True,True
C1=NN=CO1,2,0.4332304478977853,0.5878306925662503,0.8664608957955706,1.8664608957955706,0,0,0.866460919380188,True,True,True
CC1=CC=C(CC2CCC3CCC2N3)C=C1,2,0.7991954281498308,0.6727286683771374,1.5983908562996616,2.5983908562996616,0,0,4.024628400802612,True,True,True
CC1=CC(N2CCOC3=CC=CC=C3C2)=C(C)C=C1,2,0.7680090669994263,0.8988427358787833,1.5360181339988526,2.5360181339988523,0,0,4.02242386341095,True,True,True
CC1=CC(C2CCCCNC2)=C(C)C=C1,2,0.738999934290359,0.8320307632567459,1.477999868580718,2.477999868580718,0,0,3.8474998474121094,True,True,True
CC1=CC([SH]2C=CC3=C2CCNC3)=C(C)C=C1,2,0.7223102724241044,0.6024949121213911,1.4446205448482088,2.444620544848209,0,0,3.8539297580718994,True,True,True
C1=NC=NC2=NC=NC12,2,0.4286457354166335,0.5474543816306219,0.857291470833267,1.857291470833267,0,0,0.8572914600372314,True,True,True
CC1=CC=C(C)C(C2CN3N=CN=C3N2)=C1,2,0.7897700428195928,0.7153147854574361,1.5795400856391857,2.5795400856391857,0,0,4.000750660896301,True,True,True
CC1=CC=C(C)C(NC2=C(N)N=CN=C2N)=C1,2,0.732413637118523,0.8576252625014402,1.464827274237046,2.464827274237046,0,0,3.8798617124557495,True,True,True
CCCO,2,0.46378398302396845,0.8928427384266348,0.9275679660479369,1.927567966047937,0,0,0.9275679588317871,True,True,True
NC1=CC=NC=N1,2,0.49531271324374415,0.8441428493605725,0.9906254264874883,1.9906254264874883,0,0,0.9906253814697266,True,True,True
CC1=CC=C(CC2CC3C=CC2C3)C=C1,2,0.634827738901225,0.683249321906457,1.26965547780245,2.2696554778024502,0,0,3.5870693922042847,True,True,True
CC1=CC(C2CNC3=CC=CC=C3NC2)=C(C)C=C1,2,0.8033876978531667,0.8406304281864756,1.6067753957063333,2.6067753957063333,0,0,4.115587472915649,True,True,True
N#CC1=CC=CC=C1N,2,0.5191194400900636,0.8942156231287842,1.0382388801801272,2.038238880180127,0,0,1.038238763809204,True,True,True
OC1CCC1C1=NN2N=CC=C2C=C1,2,0.72674895554818,0.6620650326960558,1.45349791109636,2.4534979110963597,0,0,3.792647361755371,True,True,True
ClC1=CC=CN=C1,2,0.4994929876185536,0.9252520801298031,0.9989859752371072,1.9989859752371073,0,0,0.998986005783081,True,True,True
CC1=CC=C(C)C(C2CNC3CCCNC32)=C1,2,0.7719164568277774,0.6998275030553468,1.5438329136555549,2.543832913655555,0,0,3.9812523126602173,True,True,True
CC1=CC=C(CCC2CNCC(C)O2)C=C1,2,0.8419966481919646,0.7729592740308096,1.6839932963839293,2.683993296383929,0,0,4.133058190345764,True,True,True
CC(N)CO,2,0.4337552925789797,0.8094397841424209,0.8675105851579594,1.8675105851579594,0,0,0.8675105571746826,True,True,True
CC1=CC(CCC#N)=C(C)C=C1,2,0.6505381113701088,0.8868058715762854,1.3010762227402175,2.3010762227402175,0,0,3.561291456222534,True,True,True
CC1=CC(C2=C3N=CC=CN3N=C2)=C(C)C=C1,2,0.634454526790749,0.8662072191466189,1.268909053581498,2.268909053581498,0,0,3.6284332275390625,True,True,True
CC1=CC(CCCC=O)=C(C)C=C1,2,0.5089957539594127,0.8844160961528655,1.0179915079188253,2.0179915079188255,0,0,3.238556385040283,True,True,True
CC1=CC(CN2C=CN=N2)=C(C)C=C1,2,0.7189918287874106,0.8678768580000187,1.4379836575748213,2.4379836575748213,0,0,3.7735133171081543,True,True,True
ClC1=CC=CC(Cl)=C1,2,0.5285863388321962,0.9731367589471378,1.0571726776643924,2.0571726776643926,0,0,1.0571727752685547,True,True,True
C1CNCC2(C1)CNCCO2,2,0.5062566941719578,0.6584378194456562,1.0125133883439157,2.0125133883439155,0,0,1.0125133991241455,True,True,True
C1=NN=CC2=NOC=C12,1,0.51221283095937,0.720583212872374,1.02442566191874,1.02442566191874,0,0,0.024425625801086426,False,True,True
CC1=CC([SH]2NCC3=CC=CC=C32)=C(C)C=C1,2,0.7270833018668406,0.6641099827650331,1.4541666037336811,2.454166603733681,0,0,3.8661805391311646,True,True,True
CC(C)(C)O,2,0.4498276567484776,0.8873337694893271,0.8996553134969552,1.8996553134969552,0,0,0.8996553421020508,True,True,True
Cl,2,0.3651643237938947,0.4165504273504274,0.7303286475877894,1.7303286475877893,0,0,0.7303286790847778,True,True,True
CC1=CC([SH]2NCC3=CC=CC=C32)=C(C)C=C1,2,0.7270833018668406,0.6641099827650331,1.4541666037336811,2.454166603733681,0,0,3.8661805391311646,True,True,True
CC1=CC(C2OCOC3=CC=CC=C32)=C(C)C=C1,2,0.7552581324705941,0.8041728626048619,1.5105162649411883,2.510516264941188,0,0,3.963671088218689,True,True,True
C=CCO,2,0.425825650815454,0.7950324820163783,0.851651301630908,1.851651301630908,0,0,0.8516513109207153,True,True,True
CC1=CC=C(C)C([SH]2C=CC3=C2C=CN=C3)=C1,2,0.7415688152045281,0.6356594333144836,1.4831376304090562,2.483137630409056,0,0,3.903359889984131,True,True,True
CC1=CC(CN2C=CN=N2)=C(C)C=C1,2,0.7189918287874106,0.8678768580000187,1.4379836575748213,2.4379836575748213,0,0,3.7735133171081543,True,True,True
CC1=CC(N2C=NC3=NC=NC=C32)=C(C)C=C1,2,0.6372711469114108,0.8408929334323331,1.2745422938228217,2.2745422938228215,0,0,3.6356626749038696,True,True,True
CC1=CC(NCCC=O)=C(C)C=C1,2,0.56449514003917,0.8789985747853442,1.12899028007834,2.12899028007834,0,0,3.3736047744750977,True,True,True
CC1=CC([SH]2C=CN=C2)=C(C)C=C1,2,0.6545582339585846,0.5939178339416825,1.3091164679171692,2.3091164679171694,0,0,3.592758297920227,True,True,True
CC(N)CO,2,0.4337552925789797,0.8094397841424209,0.8675105851579594,1.8675105851579594,0,0,0.8675105571746826,True,True,True
CC1=CC(N2CCC3(CCNCC3)C2)=C(C)C=C1,2,0.8169370240263907,0.7939601407113707,1.6338740480527814,2.6338740480527814,0,0,4.124036192893982,True,True,True
CC1=CC(C2=NC=C3NC=NC3=N2)=C(C)C=C1,2,0.6909223999900896,0.8474734671842954,1.3818447999801793,2.381844799980179,0,0,3.773367404937744,True,True,True
CC1=CC(C2CNCC3(CCCNC3)C2)=C(C)C=C1,2,0.8091685040852648,0.6740219840715095,1.6183370081705295,2.6183370081705295,0,0,4.130810260772705,True,True,True
CC1=CC(NC2=CC=C(C#N)C=C2)=C(C)C=C1,2,0.8355227768683329,0.9218203797954939,1.6710455537366657,2.6710455537366657,0,0,4.144508481025696,True,True,True
C1=CC=C2COCC2=C1,2,0.5061667423941253,0.8935307912199524,1.0123334847882506,2.0123334847882504,0,0,1.0123333930969238,True,True,True
C1=CN=NC=N1,2,0.43639752184178915,0.7667384860878624,0.8727950436835783,1.8727950436835783,0,0,0.8727949857711792,True,True,True
CC1=CN=C(C)S1,2,0.4992737594689495,0.8288407440974146,0.998547518937899,1.998547518937899,0,0,0.9985475540161133,True,True,True
ClC1=CC=CC(Cl)=C1,2,0.5285863388321962,0.9731367589471378,1.0571726776643924,2.0571726776643926,0,0,1.0571727752685547,True,True,True
NC1=CC=C2COCC2=C1,2,0.544013485599238,0.8505364128391781,1.088026971198476,2.088026971198476,0,0,1.088027000427246,True,True,True
CC1=CSC(N)=N1,2,0.5468471344875042,0.8334221206156331,1.0936942689750084,2.0936942689750087,0,0,1.0936942100524902,True,True,True
CC1=CC=C(CSC2=NN=CN2N)C=C1,2,0.6301660864108548,0.8673720506039775,1.2603321728217096,2.26033217282171,0,0,3.5754151344299316,True,True,True
CC1=CC(C2CCC3=CC=NN3C2)=C(C)C=C1,2,0.7296640737114437,0.7559749749157394,1.4593281474228874,2.4593281474228874,0,0,3.8728045225143433,True,True,True
C1=NC=NC2=NC=NC12,2,0.4286457354166335,0.5474543816306219,0.857291470833267,1.857291470833267,0,0,0.8572914600372314,True,True,True
CC1=CC(C)=NO1,2,0.4872044921300356,0.856673132761382,0.9744089842600712,1.9744089842600712,0,0,0.9744089841842651,True,True,True
CC1=CC=C(C)C(C2CNC3=C(C=NN3)C2)=C1,2,0.7861482232062887,0.7437420078827723,1.5722964464125775,2.5722964464125777,0,0,4.017780423164368,True,True,True
CC1=CC(N2CCC3(CCNCC3)C2)=C(C)C=C1,2,0.8169370240263907,0.7939601407113707,1.6338740480527814,2.6338740480527814,0,0,4.124036192893982,True,True,True
CC1=CC=C(C)C(C2=CC3=CC=CN3C=C2)=C1,2,0.5791379862674421,0.85834442479811,1.1582759725348841,2.1582759725348843,0,0,3.4864542484283447,True,True,True
C1=C2CCCCC2=NO1,2,0.5228040749778691,0.764386061875223,1.0456081499557381,2.045608149955738,0,0,1.0456080436706543,True,True,True
NC1CCCCC1,2,0.4860844589993981,0.8971236185913417,0.9721689179987962,1.9721689179987962,0,0,0.9721689224243164,True,True,True
C1=CC=C2OCCCC2=C1,2,0.5270652878208939,0.9182204977198148,1.0541305756417878,2.054130575641788,0,0,1.0541305541992188,True,True,True
CCCO,2,0.46378398302396845,0.8928427384266348,0.9275679660479369,1.927567966047937,0,0,0.9275679588317871,True,True,True
CC1=CC(C2CCC3=CC=CC=C32)=C(C)C=C1,2,0.6713277933082221,0.8501077849628351,1.3426555866164442,2.342655586616444,0,0,3.723074793815613,True,True,True
NC1CCC(O)CC1,2,0.47505009185226293,0.850676619086998,0.9501001837045259,1.9501001837045258,0,0,0.9501001834869385,True,True,True
CC1=CC(OC2=CC=C(C#N)C=C2)=C(C)C=C1,2,0.7713662520645689,0.9210341618467758,1.5427325041291378,2.5427325041291375,0,0,3.979840040206909,True,True,True
CC1=CC=C(CC2CNCN2)C=C1,2,0.7037212140864988,0.7905772934011419,1.4074424281729976,2.4074424281729976,0,0,3.7123881578445435,True,True,True
CC1=CC=C(C)C(NC2=CC=C(F)C=C2F)=C1,2,0.813829785639311,0.9229879466258267,1.627659571278622,2.627659571278622,0,0,4.088829755783081,True,True,True
NC1=CC=CC=C1N,2,0.4839273658917496,0.919611584121963,0.9678547317834992,1.9678547317834991,0,0,0.9678547382354736,True,True,True
CC1=CC=C(C)C(NC2=CC=CC=C2F)=C1,2,0.7917450802741333,0.9382481181236896,1.5834901605482665,2.5834901605482665,0,0,4.005754232406616,True,True,True
C1=CC=C2COCC2=C1,2,0.5061667423941253,0.8935307912199524,1.0123334847882506,2.0123334847882504,0,0,1.0123333930969238,True,True,True
OC1CNC1,2,0.3832769474568293,0.82964428230984,0.7665538949136586,1.7665538949136586,0,0,0.7665538787841797,True,True,True
CC1CC1,2,0.3934207493755274,0.9587811999650963,0.7868414987510548,1.7868414987510548,0,0,0.7868415117263794,True,True,True
CC(N)CO,2,0.4337552925789797,0.8094397841424209,0.8675105851579594,1.8675105851579594,0,0,0.8675105571746826,True,True,True
C1CCNC1,2,0.4347944578283113,0.8675035130790708,0.8695889156566226,1.8695889156566226,0,0,0.8695889711380005,True,True,True
CC1=CC=C(C)C([SH]2C=CC3=C2N=CN=C3)=C1,2,0.611540670911768,0.6225325887304963,1.223081341823536,2.2230813418235362,0,0,3.5696210861206055,True,True,True
C1=CC2=CC=CC3=C2C(=C1)NC3,2,0.6164470483067976,0.8571671769375906,1.2328940966135953,2.2328940966135953,0,0,1.2328941822052002,True,True,True
CC1=CC=C(C)C(NC2=CC=CC=C2F)=C1,2,0.7917450802741333,0.9382481181236896,1.5834901605482665,2.5834901605482665,0,0,4.005754232406616,True,True,True
CC1=CC=C(C)C(NC2=CC=C(F)C(F)=C2)=C1,2,0.813829785639311,0.9251470300955482,1.627659571278622,2.627659571278622,0,0,4.088829755783081,True,True,True
CC1=CC(NC2=CC(C#N)=CC=C2)=C(C)C=C1,2,0.8355227768683329,0.9149428156929296,1.6710455537366657,2.6710455537366657,0,0,4.144508481025696,True,True,True
CC1=CC([SH]2C=NC3=C2CNCC3)=C(C)C=C1,2,0.7316381795279412,0.604379370520135,1.4632763590558824,2.4632763590558824,0,0,3.8778713941574097,True,True,True
FC1=CC=CC=C1F,2,0.4832965029562796,0.9783094862198654,0.9665930059125593,1.9665930059125594,0,0,0.9665930271148682,True,True,True
CC1CCCCN1,2,0.4800655928455156,0.7997082346430369,0.9601311856910312,1.960131185691031,0,0,0.9601311683654785,True,True,True
CC1=CC=C(C#N)C=C1,2,0.5085022668084197,0.9482679308210921,1.0170045336168394,2.0170045336168396,0,0,1.0170044898986816,True,True,True
CC1=CC(N2CCC2)=C(C)C=C1,2,0.6114191590602178,0.9376650790354929,1.2228383181204356,2.2228383181204356,0,0,3.4674060344696045,True,True,True
FC1=CC=CC(Cl)=C1,2,0.5062680369802974,0.9608724232828022,1.0125360739605949,2.012536073960595,0,0,1.0125360488891602,True,True,True
CC1=CC(N2C=CC=N2)=C(C)C=C1,2,0.6458281036857446,0.9009577916945611,1.2916562073714892,2.2916562073714895,0,0,3.5715150833129883,True,True,True
CC1=CC(NCCN)=C(C)C=C1,2,0.7128848172237284,0.9112967806671944,1.4257696344474569,2.425769634447457,0,0,3.7109235525131226,True,True,True
CC1=CC(C2CCN3C=NN=C3C2)=C(C)C=C1,2,0.7494632406028496,0.7730641428906215,1.4989264812056993,2.4989264812056993,0,0,3.923622250556946,True,True,True
NC1=CN=CC=N1,2,0.49531271324374404,0.8398859262836493,0.9906254264874881,1.990625426487488,0,0,0.9906253814697266,True,True,True
C1=CC=C2C(=C1)C=NC1=NN=CN21,2,0.5100312411068736,0.8357787523001371,1.0200624822137472,2.0200624822137474,0,0,1.0200624465942383,True,True,True
CC1=CC(C2=CN=CC(C#N)=C2)=C(C)C=C1,2,0.7209543869691295,0.8822088018843733,1.441908773938259,2.441908773938259,0,0,3.8264178037643433,True,True,True
C1=CC2=CC=CC3=C2C(=C1)NC3,2,0.6164470483067976,0.8571671769375906,1.2328940966135953,2.2328940966135953,0,0,1.2328941822052002,True,True,True
CC1=CC=C(C)C(C2CNCC3COCC32)=C1,2,0.8001820551157977,0.7048950069799935,1.6003641102315953,2.6003641102315953,0,0,4.053800702095032,True,True,True
CC1=CC([SH]2C=CC3=C2C=CN=C3)=C(C)C=C1,2,0.7415688152045281,0.6356594333144836,1.4831376304090562,2.483137630409056,0,0,3.903359889984131,True,True,True
CC1(C)CNCCO1,2,0.4926798148087277,0.7680654302758092,0.9853596296174554,1.9853596296174554,0,0,0.9853596687316895,True,True,True
CC1=CC(NCC(F)(F)F)=C(C)C=C1,2,0.7773086538517047,0.8943077935509542,1.5546173077034093,2.5546173077034093,0,0,3.9173614978790283,True,True,True
CC1=CC(C2CC3CCC2O3)=C(C)C=C1,2,0.678359053077568,0.6624640234839494,1.356718106155136,2.356718106155136,0,0,3.6958975791931152,True,True,True
C1=NOC2=C1CNCC2,2,0.540928631370758,0.7402293667185279,1.081857262741516,2.081857262741516,0,0,1.0818572044372559,True,True,True
O=C1CCCCCN1,2,0.4913649755761193,0.8739988142831064,0.9827299511522386,1.9827299511522387,0,0,0.9827299118041992,True,True,True
CC1=CC(N2C=CN=C2)=C(C)C=C1,2,0.6458281036857446,0.8914318041685735,1.2916562073714892,2.2916562073714895,0,0,3.5715150833129883,True,True,True
OC1=CC=CC(Cl)=C1,2,0.5671077548351335,0.9369934023037811,1.134215509670267,2.134215509670267,0,0,1.1342155933380127,True,True,True
CC1=CC(C2C=CNCN2)=C(C)C=C1,2,0.7041515023531191,0.7107333971286373,1.4083030047062381,2.408303004706238,0,0,3.7369070053100586,True,True,True
C1=NC=C2C=NC3=NC=NN3C2=C1,2,0.4985478789858107,0.8115901921423462,0.9970957579716214,1.9970957579716213,0,0,0.9970957040786743,True,True,True
C1=NC=C2CNCC2=N1,2,0.5278736908785008,0.7750401929293541,1.0557473817570016,2.0557473817570013,0,0,1.0557472705841064,True,True,True
CC1=CC=C(C)C(C2=CC=C3OC=NC3=C2)=C1,2,0.6200739684306157,0.8730599663993662,1.2401479368612314,2.2401479368612316,0,0,3.591523051261902,True,True,True
NC1CCC(O)CC1,2,0.47505009185226293,0.850676619086998,0.9501001837045259,1.9501001837045258,0,0,0.9501001834869385,True,True,True
CC1=CC=C(N)C=C1C,2,0.5209726320693896,0.9410761615903228,1.0419452641387792,2.0419452641387794,0,0,1.041945219039917,True,True,True
OC1=CC=CC(Cl)=C1,2,0.5671077548351335,0.9369934023037811,1.134215509670267,2.134215509670267,0,0,1.1342155933380127,True,True,True
ClC1=CC=CC(Cl)=C1,2,0.5285863388321962,0.9731367589471378,1.0571726776643924,2.0571726776643926,0,0,1.0571727752685547,True,True,True
C1=CCN=C1,2,0.3937124706337252,0.6289547951303529,0.7874249412674504,1.7874249412674503,0,0,0.7874249219894409,True,True,True
OC1CCC1,2,0.44229926503922284,0.9287237694893271,0.8845985300784457,1.8845985300784456,0,0,0.8845984935760498,True,True,True
CC1=CC([SH]2C=NC3=C2CNCC3)=C(C)C=C1,2,0.7316381795279412,0.604379370520135,1.4632763590558824,2.4632763590558824,0,0,3.8778713941574097,True,True,True
CC1=CC(CC(C)C#N)=C(C)C=C1,2,0.6740623950397964,0.8170296010934496,1.3481247900795927,2.3481247900795927,0,0,3.640218496322632,True,True,True
CC1=CC=C(C)C([SH]2C=CC3=NC=NC=C32)=C1,2,0.7744674757822558,0.6164289780554568,1.5489349515645117,2.5489349515645117,0,0,3.987799882888794,True,True,True
CC1=CC=C(Cl)C=C1,2,0.5015016660067645,0.9962374582478373,1.003003332013529,2.003003332013529,0,0,1.0030033588409424,True,True,True
CC1=CC([SH]2C=CC3=C2C=CN=C3)=C(C)C=C1,2,0.7415688152045281,0.6356594333144836,1.4831376304090562,2.483137630409056,0,0,3.903359889984131,True,True,True
P,2,0.3320229224096877,0.28465350494058406,0.6640458448193755,1.6640458448193756,0,0,0.6640458106994629,True,True,True
N,2,0.3975550616040572,0.370242735042735,0.7951101232081144,1.7951101232081144,0,0,0.7951101064682007,True,True,True
CC1=CC(C2COCO2)=C(C)C=C1,2,0.6568257662160459,0.7876870647109132,1.3136515324320919,2.313651532432092,0,0,3.5982760190963745,True,True,True
O=C1CCCCCN1,2,0.4913649755761193,0.8739988142831064,0.9827299511522386,1.9827299511522387,0,0,0.9827299118041992,True,True,True
CC1=CC=CC=C1O,2,0.5359354364287862,0.954996898807278,1.0718708728575723,2.0718708728575725,0,0,1.0718708038330078,True,True,True
FC1=CC=CC2=C1C=CN2,2,0.5701151374838392,0.8906557762344036,1.1402302749676785,2.1402302749676787,0,0,1.1402301788330078,True,True,True
CC1=CC(C2=CC=C(C#N)C=C2)=C(C)C=C1,2,0.6965369450516224,0.9266163232518948,1.393073890103245,2.3930738901032447,0,0,3.7645602226257324,True,True,True
NC1CCCCCC1,2,0.474993618140869,0.9038737306710662,0.949987236281738,1.9499872362817379,0,0,0.9499872922897339,True,True,True
CC1=CC(C2=CN3C=CN=C3N=C2)=C(C)C=C1,2,0.6344545267907489,0.8521189930869641,1.2689090535814977,2.2689090535814977,0,0,3.6284332275390625,True,True,True
CC1=CC(CCS(N)(=O)=O)=C(C)C=C1,2,0.8179631300747757,0.8796450076881686,1.6359262601495514,2.6359262601495512,0,0,4.017642378807068,True,True,True
***** Iteration 353 *****
CC1=CC=C(C)C(C2=CN3N=CC=C3N=N2)=C1,2,0.6371440484470994,0.850736261532804,1.2742880968941988,2.2742880968941988,0,0,3.6353365182876587,True,True,True
CC1=CC(C2=C3C=COC3=NC=N2)=C(C)C=C1,2,0.6345657043638987,0.8430656178907319,1.2691314087277974,2.269131408727797,0,0,3.628718614578247,True,True,True
CC1=CC=C(CC2CCCCCC2)C=C1,2,0.6190077821076674,0.9390730101095879,1.2380155642153348,2.2380155642153348,0,0,3.547519564628601,True,True,True
FC1=CC=CN=C1,2,0.47397196118629864,0.9184643878221108,0.9479439223725973,1.9479439223725974,0,0,0.947943925857544,True,True,True
C1=CC=C2N=CC=CC2=C1,2,0.5311915584041306,0.961362549001866,1.0623831168082611,2.0623831168082614,0,0,1.0623831748962402,True,True,True
CC1=CC(C2COCC23CCNCC3)=C(C)C=C1,2,0.8212113544772713,0.6939774194849594,1.6424227089545427,2.642422708954543,0,0,4.1351494789123535,True,True,True
CC1=CC(C2NCCC3=C2C=CN=N3)=C(C)C=C1,2,0.8296424266231468,0.756885880356341,1.6592848532462936,2.6592848532462936,0,0,4.157070279121399,True,True,True
CC1=NC=NN1,2,0.48343821482376537,0.7396589989083753,0.9668764296475307,1.9668764296475307,0,0,0.9668763875961304,True,True,True
CC1=CC=C(CC2CC(N)C(=O)N2)C=C1,2,0.7467051347359528,0.7711150281980051,1.4934102694719056,2.4934102694719056,0,0,3.86676287651062,True,True,True
C1CNC2CCNCC2C1,2,0.5070605777535825,0.7298172277629437,1.014121155507165,2.0141211555071648,0,0,1.0141210556030273,True,True,True
CC1=CC(CN2N=C(C)C=C2C)=C(C)C=C1,2,0.7505008618228246,0.8992166029721744,1.5010017236456492,2.501001723645649,0,0,3.90126895904541,True,True,True
OC1=CC=C(Cl)C=C1,2,0.5671077548351335,0.9663794162897952,1.134215509670267,2.134215509670267,0,0,1.1342155933380127,True,True,True
CC1=CC=C(C)C(C2=C3C=NN=C3NC=C2)=C1,2,0.6879524076190171,0.8183704844527413,1.3759048152380342,2.375904815238034,0,0,3.76574444770813,True,True,True
C1=CC=C2CNCCC2=C1,2,0.5627155967397938,0.8973384464377635,1.1254311934795875,2.1254311934795878,0,0,1.1254312992095947,True,True,True
NC1=CC=C2NN=CC2=C1,2,0.5293769910118981,0.8646085613802923,1.0587539820237961,2.058753982023796,0,0,1.0587539672851562,True,True,True
CC1=CC(C2CCCC3=CC=CC=C3N2)=C(C)C=C1,2,0.767830114684953,0.8260434358465623,1.535660229369906,2.535660229369906,0,0,4.0219526290893555,True,True,True
CC,2,0.3727855551576051,0.805825786783401,0.7455711103152102,1.7455711103152103,0,0,0.7455711364746094,True,True,True
C1=NC=NC=N1,2,0.43639752184178915,0.8048205373699138,0.8727950436835783,1.8727950436835783,0,0,0.8727949857711792,True,True,True
C1=CC=C2CNCC2=C1,2,0.542300934471085,0.8852897655789267,1.08460186894217,2.08460186894217,0,0,1.084601879119873,True,True,True
CC1=CC(C2CCCC3=C(C2)NN=C3)=C(C)C=C1,2,0.7566109601965311,0.7858184247350393,1.5132219203930621,2.513221920393062,0,0,3.967188596725464,True,True,True
C1=CC=C2N=NC=CC2=C1,2,0.5412819114011972,0.8983425490018659,1.0825638228023944,2.0825638228023946,0,0,1.082563877105713,True,True,True
C1=CN=C2N=CN=CC2=N1,2,0.5208798044315195,0.8256148566941737,1.041759608863039,2.041759608863039,0,0,1.0417594909667969,True,True,True
CC1=CC([SH]2C=CC3=C2CCCC3)=C(C)C=C1,2,0.6588856631084336,0.6298478163600094,1.317771326216867,2.3177713262168673,0,0,3.6911399364471436,True,True,True
CC1=CC=C(CC2COCO2)C=C1,2,0.6883727082441837,0.8215918682999273,1.3767454164883675,2.3767454164883675,0,0,3.6750402450561523,True,True,True
CC1=CC(C2CCNC2)=C(C)C=C1,2,0.6907077857288815,0.8297639877878363,1.381415571457763,2.381415571457763,0,0,3.6807223558425903,True,True,True
CC1=COC=N1,2,0.46699996727347143,0.7104237047907281,0.9339999345469429,1.933999934546943,0,0,0.9339998960494995,True,True,True
CC1=CC=C(C)C(CC2=CC=CC(C)=C2N)=C1,2,0.7731957375252144,0.8946504670840919,1.5463914750504288,2.546391475050429,0,0,3.9845356941223145,True,True,True
CC1=CC(C)=CC(CC2=C(C)C=CC(C)=C2)=C1,2,0.7036960304807932,0.9160075865603599,1.4073920609615864,2.4073920609615866,0,0,3.8061530590057373,True,True,True
C1=NC=C2CCNCC2=N1,2,0.5488445444058233,0.7955989592582762,1.0976890888116466,2.097689088811647,0,0,1.097689151763916,True,True,True
CC1=CC(CC(N)C=O)=C(C)C=C1,2,0.7085328829630185,0.8030383923022407,1.417065765926037,2.4170657659260373,0,0,3.7240967750549316,True,True,True
C1CC2CC1CN2,2,0.4702454842479255,0.6075129394834602,0.940490968495851,1.9404909684958511,0,0,0.9404909610748291,True,True,True
CC1=CC=C(N)C(C)=C1,2,0.5209726320693896,0.9381088538980149,1.0419452641387792,2.0419452641387794,0,0,1.041945219039917,True,True,True
C1=NNC2=C1CNCC2,2,0.5116758320036295,0.7627564322455933,1.023351664007259,2.023351664007259,0,0,1.0233516693115234,True,True,True
CC1=CC(C2=C3C=NN=CN3N=C2)=C(C)C=C1,2,0.6371440484470994,0.8238659318624744,1.2742880968941988,2.2742880968941988,0,0,3.6353365182876587,True,True,True
OC(F)F,2,0.4296420188967676,0.8036027811616775,0.8592840377935352,1.8592840377935351,0,0,0.8592840433120728,True,True,True
CC1=CC(C2CCOCC2)=C(C)C=C1,2,0.6604779405124579,0.8900926272307882,1.3209558810249158,2.320955881024916,0,0,3.629179000854492,True,True,True
O=C1CCNCCN1,2,0.42808548028820015,0.8165660383633738,0.8561709605764003,1.8561709605764003,0,0,0.8561710119247437,True,True,True
CC1=CC([SH]2C3=NC=NC=C3C3=C2CCC3)=C(C)C=C1,2,0.6185803176826173,0.6374881778369672,1.2371606353652347,2.2371606353652345,0,0,3.649547576904297,True,True,True
CC1=CC(C2CCCCCC2)=C(C)C=C1,2,0.5768724420095604,0.9175112277059453,1.153744884019121,2.1537448840191207,0,0,3.44218111038208,True,True,True
C1CN2CCNCC2CN1,2,0.4465382630901538,0.8144630618223788,0.8930765261803076,1.8930765261803075,0,0,0.8930765390396118,True,True,True
CC1=CC=C(C)C(NC2CCCNC2=O)=C1,2,0.7967675079677345,0.8273460675087182,1.593535015935469,2.593535015935469,0,0,4.018477559089661,True,True,True
CC1=CC(C)=NC=N1,2,0.49689376298127774,0.8766318638422429,0.9937875259625555,1.9937875259625555,0,0,0.9937875270843506,True,True,True
CC1=CC(C2CNCC3(CNCO3)C2)=C(C)C=C1,2,0.7910215859257789,0.6394154506361563,1.5820431718515577,2.5820431718515575,0,0,4.056656122207642,True,True,True
CC1=CC=C(CCC(C)CCC=O)C=C1,2,0.6476413634264354,0.8414558079794653,1.2952827268528708,2.2952827268528706,0,0,3.6191035509109497,True,True,True
CC1=CC(CCC(F)(F)F)=C(C)C=C1,2,0.683866923352491,0.889073282116443,1.367733846704982,2.367733846704982,0,0,3.686871886253357,True,True,True
O=C1CCCN1,2,0.4368355272348544,0.8469757409898233,0.8736710544697088,1.8736710544697088,0,0,0.8736710548400879,True,True,True
CC1=CC(C2CCC3=CC=CC=C3C2)=C(C)C=C1,2,0.6797811516823613,0.8524657620131458,1.3595623033647226,2.3595623033647226,0,0,3.767431139945984,True,True,True
CC(O)CO,2,0.43583499661104974,0.8221502736529105,0.8716699932220995,1.8716699932220995,0,0,0.8716700077056885,True,True,True
CC1=CC(C2=CN3C=NN=CC3=C2)=C(C)C=C1,2,0.6344545267907489,0.8181717403397114,1.2689090535814977,2.2689090535814977,0,0,3.6284332275390625,True,True,True
CC1=CC(C2CNCCC23OCCCO3)=C(C)C=C1,2,0.8423494230339545,0.6921837162339219,1.684698846067909,2.684698846067909,0,0,4.218186736106873,True,True,True
CC1=CC=C(C)C(C2=CC=C3OC=CC3=C2)=C1,2,0.5804646695530362,0.8956480354731493,1.1609293391060724,2.1609293391060724,0,0,3.489859461784363,True,True,True
CC1=CC=C(C)C(CN2N=CC=CC2=O)=C1,2,0.7650107023998213,0.8947335882091596,1.5300214047996425,2.5300214047996423,0,0,3.9380271434783936,True,True,True
NC1CCNC1,2,0.40915254898182524,0.7095847009329211,0.8183050979636505,1.8183050979636506,0,0,0.8183051347732544,True,True,True
CC1=CC=C(C)C(N2C=C3C=CC=NC3=N2)=C1,2,0.6344995841234378,0.8576241736207163,1.2689991682468755,2.2689991682468755,0,0,3.6285488605499268,True,True,True
CC1=CC(C2OCC3=CC=CC=C32)=C(C)C=C1,2,0.7129587557360653,0.8158368273490206,1.4259175114721305,2.4259175114721305,0,0,3.8299275636672974,True,True,True
CC1=CC(NC(=O)CN)=C(C)C=C1,2,0.7145882749210387,0.9280364136131829,1.4291765498420774,2.4291765498420776,0,0,3.7388315200805664,True,True,True
CC1=CC=C(C)C(CC2=CC=NC=C2N)=C1,2,0.8309426553334115,0.8766795711151426,1.661885310666823,2.6618853106668228,0,0,4.10505473613739,True,True,True
C1=CC=C2NCNCC2=C1,2,0.5560375784171333,0.8256215233608404,1.1120751568342666,2.1120751568342664,0,0,1.1120750904083252,True,True,True
NC1=CC=C2OCOC2=C1,2,0.5422714877702944,0.8993459619107962,1.0845429755405889,2.0845429755405886,0,0,1.084542989730835,True,True,True
CC1=C(C)SC(N)=N1,2,0.572339049268458,0.8460109181212973,1.144678098536916,2.1446780985369163,0,0,1.1446781158447266,True,True,True
NC1=CC=CC=C1O,2,0.3849667558355937,0.9233276680380469,0.7699335116711874,1.7699335116711874,0,0,0.7699334621429443,True,True,True
O=C1CCNCC1,2,0.46063509787225665,0.8109959262836495,0.9212701957445133,1.9212701957445133,0,0,0.9212702512741089,True,True,True
CC1=CC(C2CC3=C(C2)NN=C3)=C(C)C=C1,2,0.7732450857727048,0.7807258222467337,1.5464901715454096,2.5464901715454094,0,0,3.9588875770568848,True,True,True
CC1=CC=C(CCC2=C(N)C(C)=NN2C)C=C1,2,0.8779624128212238,0.8680007125832733,1.7559248256424476,2.7559248256424476,0,0,4.253436923027039,True,True,True
CC1=COC2=CC=CC=C12,2,0.5367972534391235,0.910833495067295,1.073594506878247,2.073594506878247,0,0,1.073594570159912,True,True,True
CC1=CC=C(C)C(C2=CC=CC3=NN=CN23)=C1,2,0.634454526790749,0.854605021344421,1.268909053581498,2.268909053581498,0,0,3.6284332275390625,True,True,True
CC1=CC(C2CC3(CNC3)CN2)=C(C)C=C1,2,0.7492889840791915,0.6815588886886184,1.498577968158383,2.498577968158383,0,0,3.8981988430023193,True,True,True
C1=NC=C2C=NC3=NC=NN3C2=C1,2,0.4985478789858107,0.8115901921423462,0.9970957579716214,1.9970957579716213,0,0,0.9970957040786743,True,True,True
C1=CN=C2SC3=CN=CN=C3C2=C1,2,0.5414132539508398,0.8190051822804131,1.0828265079016797,2.0828265079016797,0,0,1.0828266143798828,True,True,True
CC1=CC(C2=CC3=NN=CN3C=N2)=C(C)C=C1,2,0.6371440484470994,0.8287676587070584,1.2742880968941988,2.2742880968941988,0,0,3.6353365182876587,True,True,True
C1=CN=C2SC3=CN=CN=C3C2=C1,2,0.5414132539508398,0.8190051822804131,1.0828265079016797,2.0828265079016797,0,0,1.0828266143798828,True,True,True
CC1=CC=C(C)C([SH]2C=CC3=CC=CC=C32)=C1,2,0.6858065173490554,0.6624848650256295,1.3716130346981108,2.371613034698111,0,0,3.7602367401123047,True,True,True
C1=CC=C2C(=C1)OC1=CN=CN=C12,2,0.5195367352193687,0.8542694820831745,1.0390734704387374,2.0390734704387374,0,0,1.0390734672546387,True,True,True
CC1=CC(C2=COC3=NC=NC=C23)=C(C)C=C1,2,0.6345657043638987,0.8355227607478748,1.2691314087277974,2.269131408727797,0,0,3.628718614578247,True,True,True
CC1=CC(C2=CC3=C(C=N2)OC=C3)=C(C)C=C1,2,0.6200739684306157,0.8610175802141227,1.2401479368612314,2.2401479368612316,0,0,3.591523051261902,True,True,True
CC1=COC=N1,2,0.46699996727347143,0.7104237047907281,0.9339999345469429,1.933999934546943,0,0,0.9339998960494995,True,True,True
CC1=CC(N)=CC(CC2=C(C)C=CC(C)=C2)=C1,2,0.7731957375252144,0.8946327911430115,1.5463914750504288,2.546391475050429,0,0,3.9845356941223145,True,True,True
CC1=CC=C(C)C(C2=NC=CN3C=NN=C23)=C1,2,0.6371440484470995,0.8392568266819408,1.274288096894199,2.2742880968941988,0,0,3.6353365182876587,True,True,True
CC1=CC=C(C)O1,2,0.4804036489034677,0.8900002582674552,0.9608072978069354,1.9608072978069355,0,0,0.9608073234558105,True,True,True
CC1=CC(N2CCOC3=CC=CC=C32)=C(C)C=C1,2,0.7494684283743461,0.8970830986241722,1.4989368567486923,2.498936856748692,0,0,3.948617935180664,True,True,True
C1=CC=C2OCCNC2=C1,2,0.5815694215109966,0.8781358823351992,1.163138843021993,2.163138843021993,0,0,1.1631388664245605,True,True,True
C1=CC=C2NCCNCC2=C1,2,0.577413849737534,0.8546573052909837,1.154827699475068,2.154827699475068,0,0,1.15482759475708,True,True,True
CC1=CC=NC=N1,2,0.4745494696119243,0.8745059262836494,0.9490989392238486,1.9490989392238487,0,0,0.9490989446640015,True,True,True
CC1=CC(C2CNC3=CC=CC=C3CN2)=C(C)C=C1,2,0.8106180728236465,0.7928669323500588,1.621236145647293,2.621236145647293,0,0,4.1346275806427,True,True,True
CC1=CC(C2CCN3N=CC=C3C2)=C(C)C=C1,2,0.7296640737114437,0.7585881617289263,1.4593281474228874,2.4593281474228874,0,0,3.8728045225143433,True,True,True
CC1=CC=C(C)C(N2C=NC3=NN=CC3=C2)=C1,2,0.6370736423146038,0.8266590244841383,1.2741472846292077,2.2741472846292075,0,0,3.63515567779541,True,True,True
C1=CC=NN=C1,2,0.4525571430979931,0.8532145544639308,0.9051142861959862,1.9051142861959862,0,0,0.9051142930984497,True,True,True
C1=CC=C2C(=C1)C=NC1=CC=NN12,2,0.5140104117712739,0.8700801329707484,1.0280208235425479,2.0280208235425476,0,0,1.0280208587646484,True,True,True
O=[SH](=O)C1=CC=CS1,2,0.5952941545578775,0.668813682024061,1.190588309115755,2.190588309115755,0,0,1.1905882358551025,True,True,True
CC1=CC=C(C)C(CC2=C(N)C(C)=CC=C2)=C1,2,0.7731957375252144,0.8946504670840919,1.5463914750504288,2.546391475050429,0,0,3.9845356941223145,True,True,True
OC1=CC=C(Cl)C=C1,2,0.5671077548351335,0.9663794162897952,1.134215509670267,2.134215509670267,0,0,1.1342155933380127,True,True,True
CC1=CC=C2C=CC=CC2=N1,2,0.5519055037199659,0.9485893857105643,1.1038110074399319,2.1038110074399317,0,0,1.1038110256195068,True,True,True
CC1=CC=C(C[SH]2C=CC=N2)C=C1,1,0.6899098569190524,0.6361368075711824,1.3798197138381048,1.3798197138381048,0,0,2.678780674934387,False,True,True
C1=NOC2=C1CCCC2,2,0.522804074977869,0.7888852071743683,1.045608149955738,2.045608149955738,0,0,1.0456080436706543,True,True,True
CC1=CC=C(C)C([SH]2C=CC3=C2C=CN=C3)=C1,2,0.7415688152045281,0.6356594333144836,1.4831376304090562,2.483137630409056,0,0,3.903359889984131,True,True,True
CC1CCCN1,2,0.45760120489735717,0.7833485018378984,0.9152024097947143,1.9152024097947145,0,0,0.9152023792266846,True,True,True
O=C1CCC2=CC=CC=C2N1,2,0.5925813942969883,0.9087182318644105,1.1851627885939766,2.185162788593977,0,0,1.1851627826690674,True,True,True
CC1=CC([SH]2C=CC3=C2COCC3)=C(C)C=C1,2,0.7401704562652588,0.6064352574903078,1.4803409125305176,2.480340912530518,0,0,3.8997708559036255,True,True,True
CC(O)CO,2,0.43583499661104974,0.8221502736529105,0.8716699932220995,1.8716699932220995,0,0,0.8716700077056885,True,True,True
CC1=CC(C2CNC3=CC=CN=C3N2)=C(C)C=C1,2,0.8015609327648859,0.7636935726640333,1.6031218655297719,2.603121865529772,0,0,4.0840582847595215,True,True,True
CC1=CC(C2CC3=C(C=CN=N3)CN2)=C(C)C=C1,2,0.8304574080646752,0.7413953478119625,1.6609148161293503,2.6609148161293503,0,0,4.159189343452454,True,True,True
CC1=CC=C(C)C(NC2=CC=CC=C2N)=C1,2,0.7458901418103819,0.9252402548758264,1.4917802836207639,2.4917802836207636,0,0,3.8895883560180664,True,True,True
C1=CC=C2CCCC2=C1,2,0.48947695058073354,0.9539740960632572,0.9789539011614671,1.978953901161467,0,0,0.9789539575576782,True,True,True
CC1=COC2=CC=CC=C12,2,0.5367972534391235,0.910833495067295,1.073594506878247,2.073594506878247,0,0,1.073594570159912,True,True,True
C1=CSC=C1,2,0.44892664601443366,0.7571353079508657,0.8978532920288673,1.8978532920288673,0,0,0.8978532552719116,True,True,True
CC1=CC(C2CC3CNCC2O3)=C(C)C=C1,2,0.7779546615617363,0.618970445933531,1.5559093231234726,2.5559093231234726,0,0,3.970818519592285,True,True,True
CC1=CC=C(C)C([SH]2CC=NN3C=NN=C32)=C1,2,0.7835552251051526,0.5836051162030235,1.5671104502103053,2.567110450210305,0,0,4.011125206947327,True,True,True
CC1=CC=C(C)C(C2=CC3=NC=CN3N=C2)=C1,2,0.634454526790749,0.8561193070587068,1.268909053581498,2.268909053581498,0,0,3.6284332275390625,True,True,True
N#CCCC=O,2,0.3597873002925668,0.7638695758314521,0.7195746005851336,1.7195746005851336,0,0,0.7195745706558228,True,True,True
C1COCC2(CN1)CNCCO2,2,0.48988185176549215,0.6444182039127759,0.9797637035309843,1.9797637035309843,0,0,0.9797637462615967,True,True,True
CC1=CC([SH]2NCC3=CC=CC=C32)=C(C)C=C1,2,0.7270833018668406,0.6641099827650331,1.4541666037336811,2.454166603733681,0,0,3.8661805391311646,True,True,True
CC1=CC(N2CCC3(CC2)OCCCO3)=C(C)C=C1,2,0.7753354179200486,0.8018784008815274,1.5506708358400971,2.550670835840097,0,0,4.041716575622559,True,True,True
C1=CN=C2N=CN=CC2=C1,2,0.5355010476666257,0.8572810105403276,1.0710020953332513,2.0710020953332515,0,0,1.0710020065307617,True,True,True
CC1=CC=C(C)C(C2=CN3N=CC=C3C=C2)=C1,2,0.6143840408553064,0.8469453667133379,1.2287680817106128,2.228768081710613,0,0,3.5769190788269043,True,True,True
NC1=CC=CC=C1S,2,0.3991392677181848,0.859229765940145,0.7982785354363696,1.7982785354363697,0,0,0.7982785701751709,True,True,True
CC1=CC=C(C)O1,2,0.4804036489034677,0.8900002582674552,0.9608072978069354,1.9608072978069355,0,0,0.9608073234558105,True,True,True
CC1=CSC=N1,2,0.47943025980521636,0.7715087726640315,0.9588605196104327,1.9588605196104327,0,0,0.9588605165481567,True,True,True
CC1=CC=C(C)C(C2=NN3C=CN=NC3=C2)=C1,2,0.6371440484470994,0.8396850841387695,1.2742880968941988,2.2742880968941988,0,0,3.6353365182876587,True,True,True
CC1=CN=CN=C1,2,0.4745494696119243,0.852794387822111,0.9490989392238486,1.9490989392238487,0,0,0.9490989446640015,True,True,True
CC1=CC=C(C)C([SH]2C3=C(CCC3)C3=C2N=CN=C3)=C1,2,0.6185803176826173,0.6374881778369672,1.2371606353652347,2.2371606353652345,0,0,3.649547576904297,True,True,True
CC1=CC=C(C)C(C2=CC=C3N=CNC3=C2)=C1,2,0.6653261540748286,0.8882621642015638,1.3306523081496573,2.3306523081496575,0,0,3.7076704502105713,True,True,True
C1=NC=C2N=NC3=NC=NN3C2=C1,2,0.47950002979707984,0.7953949258701568,0.9590000595941597,1.9590000595941597,0,0,0.9590001106262207,True,True,True
CC1=CC=C(C)C(CC2=CC(O)=CC=C2N)=C1,2,0.6110989133535579,0.8862390104556138,1.2221978267071159,2.2221978267071156,0,0,3.5684871673583984,True,True,True
C1=CC=C2C(=C1)NC1=CN=CN=C12,2,0.5595948629322984,0.8691882197557583,1.1191897258645969,2.119189725864597,0,0,1.119189739227295,True,True,True
N#CCCC=O,2,0.3597873002925668,0.7638695758314521,0.7195746005851336,1.7195746005851336,0,0,0.7195745706558228,True,True,True
CC1=CC(NC2=CC=C(C#N)C=C2)=C(C)C=C1,2,0.8355227768683329,0.9218203797954939,1.6710455537366657,2.6710455537366657,0,0,4.144508481025696,True,True,True
CC1=COC=N1,2,0.46699996727347143,0.7104237047907281,0.9339999345469429,1.933999934546943,0,0,0.9339998960494995,True,True,True
FC1=CC=CC=C1F,2,0.4832965029562796,0.9783094862198654,0.9665930059125593,1.9665930059125594,0,0,0.9665930271148682,True,True,True
CC1=COC=C1,2,0.4628605847396023,0.7671205373699137,0.9257211694792046,1.9257211694792047,0,0,0.9257211685180664,True,True,True
C1=CN2N=CC(C3CN4C=CN=C4CO3)=CC2=C1,2,0.6511846596493499,0.6890711641608556,1.3023693192986998,2.3023693192987,0,0,3.693080186843872,True,True,True
NC1=CC=CC=C1NC1=NON=C1,2,0.6759871466924139,0.800241422288718,1.3519742933848278,2.3519742933848278,0,0,3.644901990890503,True,True,True
C1CCC2OCCNC2C1,2,0.5413055085507626,0.7394844072501231,1.0826110171015253,2.0826110171015255,0,0,1.082611083984375,True,True,True
C1=NC2=C(COCC2)S1,2,0.5415779457267755,0.7444139821031431,1.083155891453551,2.083155891453551,0,0,1.083155870437622,True,True,True
CCC(C)O,2,0.4869274292842043,0.8416523715550084,0.9738548585684086,1.9738548585684086,0,0,0.9738548994064331,True,True,True
O=S(=O)(NC1=NON=C1)C1=CC=CC=C1,2,0.8372319125833199,0.8323981686719559,1.6744638251666397,2.6744638251666397,0,0,4.093079686164856,True,True,True
NC1=NC=CC=C1CC1=NON=C1,2,0.7258869909371701,0.7681385882806206,1.4517739818743403,2.4517739818743403,0,0,3.7663248777389526,True,True,True
CC1=CC(CC2OCCN3C=CN=C23)=CC=C1,2,0.7893367855337343,0.7666105855907789,1.5786735710674686,2.5786735710674686,0,0,4.0259644985198975,True,True,True
C1=NN2CCNCC2=C1,2,0.5253887948606539,0.7478424721316332,1.0507775897213079,2.050777589721308,0,0,1.0507776737213135,True,True,True
CC1=NOC=C1N,2,0.5155774462187884,0.7399937805346615,1.0311548924375769,2.031154892437577,0,0,1.0311548709869385,True,True,True
CC1=CC=C(N)C=C1C,2,0.5209726320693896,0.9410761615903228,1.0419452641387792,2.0419452641387794,0,0,1.041945219039917,True,True,True
C1=CC=C2C=NC=CC2=C1,2,0.5311915584041306,0.9397528054121226,1.0623831168082611,2.0623831168082614,0,0,1.0623831748962402,True,True,True
C1=CC=C(C2CC=CCN2)C=C1,2,0.6197521458120194,0.7856484596559525,1.2395042916240389,2.239504291624039,0,0,3.4874051809310913,True,True,True
C1=CN2N=CC=C2N=N1,2,0.4957398109244892,0.7974515889407502,0.9914796218489784,1.9914796218489785,0,0,0.9914796352386475,True,True,True
C1=NN=C2SCCNN12,2,0.5502360450895702,0.652968967858129,1.1004720901791405,2.1004720901791405,0,0,1.1004719734191895,True,True,True
C1=CC=C2N=CN=CC2=C1,2,0.5412819114011972,0.9141333182326353,1.0825638228023944,2.0825638228023946,0,0,1.082563877105713,True,True,True
C1=CC=C2C(=C1)CC1=CC=CC=C12,2,0.48057199184742166,0.9394939396768629,0.9611439836948433,1.9611439836948432,0,0,0.961143970489502,True,True,True
CC1CC(C2=CN=C3COCCN23)CCN1,2,0.7759068770882915,0.6641696490397044,1.551813754176583,2.551813754176583,0,0,3.965630888938904,True,True,True
NC1=C(F)C=CC=C1F,2,0.5281563260400823,0.9067133410775021,1.0563126520801647,2.0563126520801647,0,0,1.0563125610351562,True,True,True
C1=CC=C2NCCCC2=C1,2,0.5707621492741192,0.8991420361813532,1.1415242985482383,2.141524298548238,0,0,1.141524314880371,True,True,True
C1=C[SH](C2=CN=C3COCCN23)N=C1,2,0.7077735777195034,0.5316551736854137,1.4155471554390069,2.4155471554390067,0,0,3.7458415031433105,True,True,True
C1=CN=C2C=CN=CC2=C1,2,0.5412819114011972,0.9036610105403275,1.0825638228023944,2.0825638228023946,0,0,1.082563877105713,True,True,True
C1=CC=C2OCCCOC2=C1,2,0.5615254095304989,0.9238745547082333,1.1230508190609978,2.123050819060998,0,0,1.1230509281158447,True,True,True
C1=CC2=NN=CN2C=N1,2,0.4957398109244892,0.7981495946387559,0.9914796218489784,1.9914796218489785,0,0,0.9914796352386475,True,True,True
C1CC2CNCC1CN2,2,0.47561192582231593,0.5911880689700278,0.9512238516446319,1.9512238516446319,0,0,0.9512238502502441,True,True,True
C1=NC=C2C(=N1)SC1=C2CCC1,2,0.6145180859805057,0.8289846983051121,1.2290361719610114,2.2290361719610114,0,0,1.2290360927581787,True,True,True
FC(F)CC1=NON=C1,2,0.6021101228454665,0.6728470077441688,1.204220245690933,2.2042202456909328,0,0,3.3848533630371094,True,True,True
C1CNC1,2,0.4117456116182956,0.9184837640676603,0.8234912232365912,1.8234912232365912,0,0,0.8234912157058716,True,True,True
CC1=NC=NO1,2,0.45573954796736116,0.7072463292251174,0.9114790959347223,1.9114790959347223,0,0,0.911479115486145,True,True,True
NCC(F)(F)F,2,0.4700138317249823,0.8313122533462453,0.9400276634499646,1.9400276634499645,0,0,0.9400277137756348,True,True,True
CC1=CC=C(S(N)(=O)=O)C=C1,2,0.6737401345200019,0.9514466469837737,1.3474802690400038,2.3474802690400036,0,0,1.347480297088623,True,True,True
C1=NC=C2CCNCCC2=N1,2,0.5708950911378158,0.8128008950345735,1.1417901822756316,2.1417901822756313,0,0,1.1417901515960693,True,True,True
C1=CC=C2OCCNCC2=C1,2,0.5975035561742812,0.8745696596033381,1.1950071123485624,2.1950071123485624,0,0,1.195007085800171,True,True,True
CN1C=C(N)C=N1,2,0.4949528351550349,0.817387302801868,0.9899056703100698,1.98990567031007,0,0,0.9899057149887085,True,True,True
CC1=CC(C)=NO1,2,0.4872044921300356,0.856673132761382,0.9744089842600712,1.9744089842600712,0,0,0.9744089841842651,True,True,True
NC1=CC=C(F)C(F)=C1,2,0.5281563260400823,0.9238268026159641,1.0563126520801647,2.0563126520801647,0,0,1.0563125610351562,True,True,True
CC(O)C=O,2,0.4282199405921814,0.7659852386878756,0.8564398811843628,1.8564398811843628,0,0,0.8564398288726807,True,True,True
CC(C)(N)CC1=NON=C1,2,0.6449782888108536,0.6973848851842023,1.2899565776217072,2.289956577621707,0,0,3.5049493312835693,True,True,True
C1CC2(CCN1)CNCCO2,2,0.5062566941719578,0.7163967465175041,1.0125133883439157,2.0125133883439155,0,0,1.0125133991241455,True,True,True
CC1=CC=C(Cl)C=C1,2,0.5015016660067645,0.9962374582478373,1.003003332013529,2.003003332013529,0,0,1.0030033588409424,True,True,True
OC1CCC1,2,0.44229926503922284,0.9287237694893271,0.8845985300784457,1.8845985300784456,0,0,0.8845984935760498,True,True,True
NCC(O)CC1=CN=C2COCCN12,2,0.6700972215898671,0.7020491663594064,1.3401944431797341,2.340194443179734,0,0,3.6529065370559692,True,True,True
SC1=NC=NN1,2,0.4547363359842873,0.675172121080321,0.9094726719685746,1.9094726719685746,0,0,0.9094727039337158,True,True,True
C1=NC2=NC=NN2CC1,2,0.4990281674642338,0.6836054350945964,0.9980563349284676,1.9980563349284677,0,0,0.9980562925338745,True,True,True
CCCC1=CN=C2COCCN12,2,0.6630615182342482,0.7835396311500449,1.3261230364684964,2.3261230364684966,0,0,3.591347575187683,True,True,True
C1CC2CNCCN2C1,2,0.493299962252894,0.803297116673357,0.986599924505788,1.986599924505788,0,0,0.9865999221801758,True,True,True
C1=CN2CC(N3C=NC4=NC=NC4=C3)OCC2=N1,2,0.6279420998579502,0.6674554946451862,1.2558841997159005,2.2558841997159007,0,0,3.6326494216918945,True,True,True
S,2,0.35641978822956905,0.3373350427350428,0.7128395764591381,1.712839576459138,0,0,0.7128396034240723,True,True,True
CCC#N,2,0.4038142196355223,0.8109453025291988,0.8076284392710446,1.8076284392710447,0,0,0.8076283931732178,True,True,True
C1CC2(CN1)CNC2,2,0.4440936637097744,0.6876972095990157,0.8881873274195488,1.8881873274195486,0,0,0.8881872892379761,True,True,True
C1=CC2=C(C=C3C=NN=CN32)O1,2,0.49854893348476786,0.7484799974504113,0.9970978669695357,1.9970978669695358,0,0,0.9970978498458862,True,True,True
NC1CCCNC1,2,0.43825623481494413,0.7448305423353445,0.8765124696298883,1.8765124696298883,0,0,0.8765125274658203,True,True,True
FC1=CC=C(F)C=C1,2,0.4832965029562796,0.987692703003082,0.9665930059125593,1.9665930059125594,0,0,0.9665930271148682,True,True,True
C1CNCNC1,2,0.416103485436807,0.7493179732673496,0.832206970873614,1.832206970873614,0,0,0.8322069644927979,True,True,True
C1=CN=NC(CC2OCCN3C=CN=C23)=C1,2,0.7507380096921585,0.7040224777651285,1.501476019384317,2.501476019384317,0,0,3.9018696546554565,True,True,True
C1CNC2CCNCC2C1,2,0.5070605777535825,0.7298172277629437,1.014121155507165,2.0141211555071648,0,0,1.0141210556030273,True,True,True
C=CC(O)C1=CN=C2COCCN12,2,0.67900761206484,0.665684985708834,1.35801522412968,2.35801522412968,0,0,3.652251958847046,True,True,True
CN1C=NN=C1SC1OCCN2C=CN=C12,2,0.7740821364244311,0.6754373713821497,1.5481642728488623,2.5481642728488625,0,0,3.9610081911087036,True,True,True
C1=CC=C(CC2=CN=C3COCCN23)N=C1,2,0.7598430078602237,0.7966770924826638,1.5196860157204475,2.5196860157204473,0,0,3.9249355792999268,True,True,True
C1=CC2=C(CCCCC2)S1,2,0.5012201502990208,0.8799035746428916,1.0024403005980416,2.0024403005980416,0,0,1.0024402141571045,True,True,True
CC1=CC=NN1,2,0.49044689078380066,0.7549875056957056,0.9808937815676013,1.9808937815676013,0,0,0.9808937311172485,True,True,True
NC1=CC=C2OCCOC2=C1,2,0.5632674731868845,0.8971735203259489,1.126534946373769,2.126534946373769,0,0,1.1265349388122559,True,True,True
CC1=CC=CC(C)=N1,2,0.49138777691763613,0.926087807898187,0.9827755538352723,1.9827755538352723,0,0,0.9827755689620972,True,True,True
C1=CC=C2OCCCOC2=C1,2,0.5615254095304989,0.9238745547082333,1.1230508190609978,2.123050819060998,0,0,1.1230509281158447,True,True,True
C1=CC=C2NCCCNC2=C1,2,0.586970190662473,0.854253109486788,1.173940381324946,2.173940381324946,0,0,1.1739404201507568,True,True,True
O=C1CCCN1CC1OCCN2C=CN=C12,2,0.7334786799001519,0.7187781242463067,1.4669573598003038,2.466957359800304,0,0,3.8581459522247314,True,True,True
NC1CCCNC1=O,2,0.4339501182273053,0.7687580183554766,0.8679002364546106,1.8679002364546107,0,0,0.8679002523422241,True,True,True
C1=NC=C2N=CNC2=N1,2,0.5454672838232756,0.7880686829578443,1.0909345676465512,2.090934567646551,0,0,1.0909345149993896,True,True,True
O=[SH](=O)C1=CC=C(C2=CN=C3COCCN23)C=C1,2,0.8236276280105538,0.730912388565001,1.6472552560211076,2.647255256021108,0,0,4.14143180847168,True,True,True
FC1=CC=CN=C1,2,0.47397196118629864,0.9184643878221108,0.9479439223725973,1.9479439223725974,0,0,0.947943925857544,True,True,True
C1=CN2CC(C3CNC4=CC=NN4C3)OCC2=N1,2,0.8040319956455124,0.6031246456736568,1.6080639912910248,2.608063991291025,0,0,4.09048318862915,True,True,True
C1=CN=C2SC=NC2=C1,2,0.5504287970242819,0.8340760903652517,1.1008575940485639,2.1008575940485636,0,0,1.1008574962615967,True,True,True
C1=CN2N=CC=C2N=C1,2,0.5113756047374779,0.8333609906501519,1.0227512094749558,2.022751209474956,0,0,1.0227510929107666,True,True,True
CCC=O,2,0.40325990291792796,0.8193008580847544,0.8065198058358559,1.806519805835856,0,0,0.8065197467803955,True,True,True
NC1CCCCCC1,2,0.474993618140869,0.9038737306710662,0.949987236281738,1.9499872362817379,0,0,0.9499872922897339,True,True,True
CC1=COC2=CC=CC=C12,2,0.5367972534391235,0.910833495067295,1.073594506878247,2.073594506878247,0,0,1.073594570159912,True,True,True
C1=CNN=C1,2,0.4683433019217652,0.6950850515406093,0.9366866038435304,1.9366866038435304,0,0,0.936686635017395,True,True,True
C1=NN2CCCOC2=C1,2,0.5078185959405164,0.7337797940689552,1.0156371918810327,2.0156371918810327,0,0,1.0156371593475342,True,True,True
CC1=CC=CC(F)=C1,2,0.47960175362316443,0.9625773183876974,0.9592035072463289,1.959203507246329,0,0,0.9592034816741943,True,True,True
C1=CC=C2C(=C1)C=CC1=NN=CN21,2,0.5140104117712739,0.8752860501305118,1.0280208235425479,2.0280208235425476,0,0,1.0280208587646484,True,True,True
C#CCOC1=CN=C2COCCN12,2,0.6158626100949731,0.7157701672279893,1.2317252201899462,2.2317252201899462,0,0,3.498599052429199,True,True,True
CC1=CC=C(C)C(O)=C1,2,0.5577043959706656,0.9348909051800663,1.1154087919413311,2.115408791941331,0,0,1.1154088973999023,True,True,True
C1CCOC1,2,0.410937601049349,0.8859691541047118,0.821875202098698,1.8218752020986981,0,0,0.8218752145767212,True,True,True
C1CNC2(C1)CCNCC2,2,0.5115438105155194,0.7144199855663818,1.023087621031039,2.023087621031039,0,0,1.023087739944458,True,True,True
C,2,0.3597849378839701,0.29684273504273506,0.7195698757679402,1.7195698757679403,0,0,0.7195699214935303,True,True,True
C1=NNC=C1CC1=CN=C2COCCN12,2,0.7840765102526362,0.7423530722696502,1.5681530205052725,2.5681530205052727,0,0,3.9601911306381226,True,True,True
C1=CC(CC2=CN=C3COCCN23)=NN1,2,0.7840765102526364,0.7039886278252057,1.5681530205052727,2.5681530205052727,0,0,3.9601911306381226,True,True,True
C1=CC2=NC3=NC=CC3=CN2C=C1,2,0.5136128830952015,0.857246996876074,1.027225766190403,2.027225766190403,0,0,1.0272257328033447,True,True,True
C1CNC1,2,0.4117456116182956,0.9184837640676603,0.8234912232365912,1.8234912232365912,0,0,0.8234912157058716,True,True,True
C1=NC2=C(CCCCC2)S1,2,0.5215034634670186,0.8195179336172507,1.0430069269340372,2.043006926934037,0,0,1.0430068969726562,True,True,True
CS,2,0.37947717275669157,0.617174504732119,0.7589543455133831,1.7589543455133831,0,0,0.7589542865753174,True,True,True
O=C1CC(C2=CN=C3COCCN23)CCN1,2,0.7468048426923365,0.7053964548518715,1.493609685384673,2.4936096853846728,0,0,3.8919055461883545,True,True,True
C1=CN=C2C=CN=CC2=C1,2,0.5412819114011972,0.9036610105403275,1.0825638228023944,2.0825638228023946,0,0,1.082563877105713,True,True,True
C1CC2COCC2N1,2,0.4769769275554366,0.6656812745380524,0.9539538551108732,1.953953855110873,0,0,0.9539538621902466,True,True,True
N#CC(CC=O)C1=NON=C1,2,0.5788065875697032,0.6105184248391825,1.1576131751394063,2.1576131751394065,0,0,3.3698424100875854,True,True,True
C1=CN2C=CSC2=N1,2,0.5185114871494336,0.7733922368026157,1.0370229742988673,2.0370229742988673,0,0,1.0370230674743652,True,True,True
CC1=NC=NN1,2,0.48343821482376537,0.7396589989083753,0.9668764296475307,1.9668764296475307,0,0,0.9668763875961304,True,True,True
CC1=CC=C(C)C=C1,2,0.47575768534032103,1.0,0.9515153706806421,1.951515370680642,0,0,0.9515153169631958,True,True,True
ClC1=CC=CC(Cl)=C1,2,0.5285863388321962,0.9731367589471378,1.0571726776643924,2.0571726776643926,0,0,1.0571727752685547,True,True,True
C1COCCN1,2,0.4340574553786442,0.8358829305323068,0.8681149107572884,1.8681149107572885,0,0,0.8681149482727051,True,True,True
C1CCCNCC1,2,0.48009188121386287,0.8927839482616713,0.9601837624277257,1.9601837624277256,0,0,0.9601837396621704,True,True,True
C1=CC=C2CNCC2=C1,2,0.542300934471085,0.8852897655789267,1.08460186894217,2.08460186894217,0,0,1.084601879119873,True,True,True
C1=CC=C2OCCOC2=C1,2,0.5371677140562678,0.9357030618223787,1.0743354281125357,2.0743354281125357,0,0,1.0743353366851807,True,True,True
CC1=CC=CC(CC2=CN=C3COCCN23)=C1,2,0.7883632615520848,0.8193447387698528,1.5767265231041696,2.5767265231041696,0,0,4.023465633392334,True,True,True
CC1=NNC=C1,2,0.49044689078380066,0.7259259672341671,0.9808937815676013,1.9808937815676013,0,0,0.9808937311172485,True,True,True
CC1=NC=CC(N)=N1,2,0.5231996621282303,0.8504668288772079,1.0463993242564607,2.046399324256461,0,0,1.0463993549346924,True,True,True
C1=CC2=C(CCCC2)S1,2,0.5167094757712354,0.873580363869525,1.0334189515424708,2.0334189515424708,0,0,1.033418893814087,True,True,True
NC1=CC=C(F)C=C1,2,0.5030676848790228,0.9567227729331521,1.0061353697580455,2.0061353697580455,0,0,1.0061354637145996,True,True,True
C1=CC=C2OCCOC2=C1,2,0.5371677140562678,0.9357030618223787,1.0743354281125357,2.0743354281125357,0,0,1.0743353366851807,True,True,True
C1CNCC2(C1)CCCO2,2,0.5413418931242859,0.6873292170026922,1.0826837862485719,2.082683786248572,0,0,1.082683801651001,True,True,True
C1=CC=C2NCCNCC2=C1,2,0.577413849737534,0.8546573052909837,1.154827699475068,2.154827699475068,0,0,1.15482759475708,True,True,True
C1=CN=C2N=CN=CC2=N1,2,0.5208798044315195,0.8256148566941737,1.041759608863039,2.041759608863039,0,0,1.0417594909667969,True,True,True
NC1=NC=CC=N1,2,0.49531271324374404,0.8798805416682648,0.9906254264874881,1.990625426487488,0,0,0.9906253814697266,True,True,True
C1=NC=C2CNCCC2=N1,2,0.5488445444058233,0.7960215233608403,1.0976890888116466,2.097689088811647,0,0,1.097689151763916,True,True,True
C1=NC=C2CNCC2=N1,2,0.5278736908785008,0.7750401929293541,1.0557473817570016,2.0557473817570013,0,0,1.0557472705841064,True,True,True
C1=CC=C2NCCNC2=C1,2,0.5618547653255865,0.8492784464377634,1.123709530651173,2.123709530651173,0,0,1.1237094402313232,True,True,True
CC(C)CCN,2,0.5337290563406336,0.8718579732673495,1.0674581126812672,2.0674581126812672,0,0,1.067458152770996,True,True,True
C1=NC=C2C=NC=NC2=N1,2,0.5208798044315195,0.8151502413095584,1.041759608863039,2.041759608863039,0,0,1.0417594909667969,True,True,True
C1=NN=C2SCC=NN12,2,0.5173313859906974,0.6147342100233711,1.0346627719813948,2.034662771981395,0,0,1.0346627235412598,True,True,True
C1CNCC2(C1)CCNC2,2,0.5071124521677051,0.6734261400796154,1.0142249043354101,2.01422490433541,0,0,1.0142250061035156,True,True,True
CC1=CC=C(C)C=C1,2,0.47575768534032103,1.0,0.9515153706806421,1.951515370680642,0,0,0.9515153169631958,True,True,True
C1CCOCC1,2,0.42994002180165675,0.8980632724126488,0.8598800436033135,1.8598800436033134,0,0,0.8598800897598267,True,True,True
C1=NC(NC2=CN=C3COCCN23)=NN1,2,0.7369861236605558,0.6803616192781973,1.4739722473211117,2.473972247321112,0,0,3.842465400695801,True,True,True
CC1=CSC(N)=N1,2,0.5468471344875042,0.8334221206156331,1.0936942689750084,2.0936942689750087,0,0,1.0936942100524902,True,True,True
C1=NON=C1CC1CCC1,2,0.6198508559354521,0.7517539194704779,1.2397017118709042,2.239701711870904,0,0,3.446318745613098,True,True,True
C1=CC=C2OCCCOC2=C1,2,0.5615254095304989,0.9238745547082333,1.1230508190609978,2.123050819060998,0,0,1.1230509281158447,True,True,True
C1=NC2=C(COCC2)S1,2,0.5415779457267755,0.7444139821031431,1.083155891453551,2.083155891453551,0,0,1.083155870437622,True,True,True
***** Iteration 352 *****
C1=NNC(SC2=CN=C3COCCN23)=N1,2,0.8105368587685312,0.7190665765431546,1.6210737175370624,2.6210737175370626,0,0,4.026342153549194,True,True,True
O=[SH](=O)C1=CC=CC=C1,2,0.5842392957793138,0.7561005462057072,1.1684785915586275,2.1684785915586273,0,0,1.1684784889221191,True,True,True
C1=CC=C2CCCCC2=C1,2,0.5086297206140045,0.9503943438736608,1.017259441228009,2.017259441228009,0,0,1.0172593593597412,True,True,True
NC1=NC=NC(NC2OCCN3C=CN=C23)=C1N,2,0.6821310018914845,0.6944273004746842,1.364262003782969,2.3642620037829687,0,0,3.773540735244751,True,True,True
C1=CC=C2SNCC2=C1,2,0.5470765267054682,0.76696611885528,1.0941530534109365,2.0941530534109365,0,0,1.0941531658172607,True,True,True
C1CC2(CCN1)OCCO2,2,0.5219173606675053,0.7424676778740741,1.0438347213350105,2.0438347213350108,0,0,1.0438346862792969,True,True,True
C1=CC2=C(OCO2)C2=C1CCNC2,2,0.6424348381313957,0.8191649455940228,1.2848696762627914,2.284869676262791,0,0,1.28486967086792,True,True,True
C1=CC=C2OCCCCC2=C1,2,0.5486234052041367,0.921297398531077,1.0972468104082733,2.097246810408273,0,0,1.0972468852996826,True,True,True
C1=CC=C2C(=C1)N=CN1C=NN=C21,2,0.5100312411068736,0.8534868390851469,1.0200624822137472,2.0200624822137474,0,0,1.0200624465942383,True,True,True
C1CN2CCNCC2CN1,2,0.4465382630901538,0.8144630618223788,0.8930765261803076,1.8930765261803075,0,0,0.8930765390396118,True,True,True
O=C1C=CC2=CC=CC=C2O1,2,0.5302216682110639,0.9253413087874873,1.0604433364221277,2.0604433364221277,0,0,1.06044340133667,True,True,True
