C1=CN=C2C=CN=CC2=C1,2,0.5412819114011972,0.9036610105403275,1.0825638228023944,2.0825638228023946,0,0,-1.917436122894287,True,True,True
NC1=CC(F)=CC=C1F,2,0.5281563260400823,0.9179774436416049,1.0563126520801647,2.0563126520801647,0,0,-2.9436874389648438,True,True,True
C1=NN2CCCOC2=C1,2,0.5078185959405164,0.7337797940689552,1.0156371918810327,2.0156371918810327,0,0,-17.984362840652466,True,True,True
C1COC2CCC(C2)N1,2,0.5121632129351733,0.591230234212193,1.0243264258703466,2.0243264258703464,0,0,-9.97567367553711,True,True,True
C1=CON=C1,2,0.4472609802175263,0.6413455643611221,0.8945219604350526,1.8945219604350525,0,0,-14.105478048324585,True,True,True
C1=CC=C2COCC2=C1,2,0.5061667423941253,0.8935307912199524,1.0123334847882506,2.0123334847882504,0,0,-24.987666606903076,True,True,True
C1COCCO1,2,0.4157492501598946,0.8632128450622214,0.8314985003197892,1.8314985003197892,0,0,-19.168501496315002,True,True,True
CC1=CC=CC(C)=C1,2,0.47575768534032103,0.984657737968117,0.9515153706806421,1.951515370680642,0,0,-7.048484683036804,True,True,True
NC1=NN=C(S)S1,2,0.5038628149773346,0.7041962096844592,1.0077256299546693,2.0077256299546695,0,0,-13.992274284362793,True,True,True
C1CNCC2(C1)OCCO2,2,0.5219173606675053,0.7217599855663817,1.0438347213350105,2.0438347213350108,0,0,1.0438346862792969,True,True,True
O=C1C=CC2=CC=C(O)C(C3NCCCC4=C3N=CN4)=C2O1,2,0.5962242636109001,0.7307079075608589,1.1924485272218002,2.1924485272218,0,0,-2.370320200920105,True,True,True
C1COCCO1,2,0.4157492501598946,0.8632128450622214,0.8314985003197892,1.8314985003197892,0,0,0.8314985036849976,True,True,True
NC1=CC(F)=CC(N2CCC2)=C1F,2,0.6736275858842761,0.8541568531736223,1.3472551717685521,2.347255171768552,0,0,-11.360839486122131,True,True,True
C1=CC2=CC(C3=CC4=C(CCCC4)N=N3)=CC3=C2C(=C1)SN3,2,0.6663309414496378,0.7762101475697699,1.3326618828992756,2.3326618828992753,0,0,-8.178695440292358,True,True,True
C1CC2NCCC2N1,2,0.4497584829824855,0.6853364027431805,0.899516965964971,1.8995169659649709,0,0,-48.10048305988312,True,True,False
***** Iteration 1 *****
NC1=NN=C(S)S1,2,0.5038628149773346,0.7041962096844592,1.0077256299546693,2.0077256299546695,0,0,-30.992274284362793,True,True,True
CC1COC(S2(N3CCC4(CCCNC4)C3)C=CC3=NC=CC=C32)CN1,2,0.833199436230303,0.4910636342598375,1.666398872460606,2.666398872460606,0,0,-31.12312912940979,True,True,True
C1=CN2C=NN=C(C3=C4COCCC4=CC(C4NCCOC45CCNCC5)=C3)C2=C1,2,0.6814628743604527,0.6103784421410273,1.3629257487209054,2.3629257487209054,0,0,-33.533395171165466,True,True,True
C1=CC=C2C=NN=CC2=C1,2,0.5412819114011972,0.8853348566941737,1.0825638228023944,2.0825638228023946,0,0,-5.917436122894287,True,True,True
FC1=CC=C2OCCCCC2=C1,2,0.5751286795852625,0.9070627080731217,1.150257359170525,2.150257359170525,0,0,-44.619691133499146,True,True,False
CC1=CC(O)=C(C2CC3CNCC2O3)C=C1N,2,0.5030913439231274,0.5801678163009875,1.0061826878462548,2.0061826878462545,0,0,-45.7087322473526,True,True,False
NC1=CC=C(N)C=C1,2,0.4839273658917496,0.9257528428632218,0.9678547317834992,1.9678547317834991,0,0,-10.032145261764526,True,True,True
CC1=CC(C)=NN1C,2,0.48755714499141434,0.8839794162897954,0.9751142899828287,1.9751142899828287,0,0,-29.024885654449463,True,True,True
***** Iteration 2 *****
NC1=CC=CC=C1S,2,0.3991392677181848,0.859229765940145,0.7982785354363696,1.7982785354363697,0,0,-8.201721429824829,True,True,True
CC1(C)CNCCO1,2,0.4926798148087277,0.7680654302758092,0.9853596296174554,1.9853596296174554,0,0,-48.01464033126831,True,True,False
CC1=CC(C(N)(C=CC2=NN=C(N)S2)C(N)=O)=C(S(N)(=O)=O)C=C1,2,0.5445191502515213,0.6880830598391291,1.0890383005030426,2.0890383005030424,0,0,-32.22708261013031,True,True,True
N#CC1=CC=CC=C1C1CCC2CCCC21,2,0.69176914871635,0.7593564882521755,1.3835382974327,2.3835382974327,0,0,-26.247518181800842,True,True,True
OC(F)F,2,0.4296420188967676,0.8036027811616775,0.8592840377935352,1.8592840377935351,0,0,-5.140715956687927,True,True,True
C1=NC=C2CNCCCN12,2,0.5598072652115664,0.7738825490018661,1.1196145304231329,2.119614530423133,0,0,-2.880385398864746,True,True,True
CCC[SH](=O)=O,2,0.5054126756997471,0.5987984860878625,1.0108253513994943,2.010825351399494,0,0,-0.9891746044158936,True,True,True
CC1=NN(C)C(C)=C1N,2,0.5520188214779367,0.8537921314899884,1.1040376429558734,2.1040376429558734,0,0,-2.8959622383117676,True,True,True
C1CCC2NCCCC2C1,2,0.5404541443253915,0.7828726123783282,1.080908288650783,2.0809082886507833,0,0,-8.919091701507568,True,True,True
CC1=CC(C2CC3=CC=CC=C3C(N)C2)=CC(N)=N1,2,0.8209035528714135,0.7418214913039374,1.641807105742827,2.641807105742827,0,0,-37.838287353515625,True,True,True
OCCCCN1C=CC2=C1C=CS2,2,0.7448547682683964,0.8225183453656411,1.4897095365367927,2.4897095365367927,0,0,-10.187520027160645,True,True,True
O=C1CC(N=C2CCNC3=CC=CC=C3O2)CN1,2,0.7803085547968605,0.6844210539635757,1.560617109593721,2.560617109593721,0,0,-16.971197605133057,True,True,True
NC1=CC=CC=C1OC1CCOCCN1,2,0.7113905167276481,0.7641012625249196,1.4227810334552962,2.422781033455296,0,0,-4.221523761749268,True,True,True
***** Iteration 3 *****
C1=NNC2=C1CCC2=C1CN2N=CC=C2CN1,2,0.7073863191603195,0.6882225668241513,1.414772638320639,2.414772638320639,0,0,2.815624952316284,True,True,True
C1=CC=C2CC(C3CCC4(CCCNC4)N3)OCC2=C1,2,0.8202160074753302,0.6173704691799685,1.6404320149506604,2.6404320149506604,0,0,0.18724274635314941,True,True,True
CC1=CC=C(N)C(C)=C1,2,0.5209726320693896,0.9381088538980149,1.0419452641387792,2.0419452641387794,0,0,-4.958054780960083,True,True,True
CN1C=CC=C1C1=C(O)C=CC=C1N,2,0.6721585100795806,0.8479414733846343,1.3443170201591612,2.344317020159161,0,0,-20.3420090675354,True,True,True
C1=CN=C2N=CN=CC2=C1,2,0.5355010476666257,0.8572810105403276,1.0710020953332513,2.0710020953332515,0,0,-14.928997993469238,True,True,True
CC1=CC=C(O)C=C1,2,0.5359354364287862,0.9713129827233615,1.0718708728575723,2.0718708728575725,0,0,-15.928129196166992,True,True,True
C1=CC(C2CCCC3=C2ON=C3)NC1,2,0.6837664904440457,0.6206557858453454,1.3675329808880914,2.3675329808880914,0,0,-14.31337594985962,True,True,True
C1=NC2=NC=NN2C2=C1CCCC2,2,0.598128671981334,0.8096994623593086,1.196257343962668,2.1962573439626683,0,0,-17.80374264717102,True,True,True
CC1=CC=CC(N)=N1,2,0.5375123323676085,0.8877507449611239,1.075024664735217,2.075024664735217,0,0,-9.924975395202637,True,True,True
CN1C=CC2=CC=CC=C21,2,0.5160980556298523,0.9178732828657034,1.0321961112597047,2.0321961112597045,0,0,-0.967803955078125,True,True,True
C1=CN=C2C=CNC2=C1,2,0.5583728365871126,0.8739239536131147,1.1167456731742251,2.116745673174225,0,0,-22.883254289627075,True,True,True
C1=CC(C2=CC=C3SCCCNC3=C2)=C1,2,0.7685774806197121,0.7879163667529449,1.5371549612394242,2.537154961239424,0,0,-45.078556299209595,True,True,False
C1=CC2=CC=CN2N=C1,2,0.509815139625202,0.8267632698524311,1.019630279250404,2.019630279250404,0,0,-12.980369806289673,True,True,True
FC1=CC=CC(Cl)=C1,2,0.5062680369802974,0.9608724232828022,1.0125360739605949,2.012536073960595,0,0,0.012536048889160156,True,True,True
C1=CN=C2C=CNC2=C1,2,0.5583728365871126,0.8739239536131147,1.1167456731742251,2.116745673174225,0,0,-6.883254289627075,True,True,True
NCCN,2,0.4034955207762654,0.8555128238967201,0.8069910415525308,1.8069910415525308,0,0,-2.1930088996887207,True,True,True
CC1=CC=CC(C)=N1,2,0.49138777691763613,0.926087807898187,0.9827755538352723,1.9827755538352723,0,0,-3.017224431037903,True,True,True
***** Iteration 4 *****
NC1=CC=C(NC2C=CCN2)C=C1,2,0.466839988646005,0.7347898440084293,0.93367997729201,1.9336799772920101,0,0,-4.864022731781006,True,True,True
C1=CC2=NN=NN2C=C1,2,0.4957398109244892,0.8373581416473027,0.9914796218489784,1.9914796218489785,0,0,-27.008520364761353,True,True,True
C1=CC2=CC=NN2N=C1,2,0.511375604737478,0.7813079991971603,1.022751209474956,2.022751209474956,0,0,0.0227510929107666,True,True,True
CC1CCCC2=CC=C(CCCCO)N=C21,2,0.7898634330706115,0.7882636148888742,1.579726866141223,2.5797268661412227,0,0,-32.79765188694,True,True,True
C1=NN=CN2N=CC=C12,2,0.4957398109244892,0.7474196801088413,0.9914796218489784,1.9914796218489785,0,0,-19.008520364761353,True,True,True
C1=CC=C2C(=C1)NCC21OCCO1,2,0.6477881506220932,0.7325745320599188,1.2955763012441863,2.2955763012441865,0,0,-13.704423666000366,True,True,True
CC1CNC(C2=CN=C3N=C4C=CC=CN4C(C4=NC=C5NC6=CC=CC=C6C5=N4)=C23)C(C)C1,2,0.3796125911080379,0.6523986662786108,0.7592251822160758,1.7592251822160758,0,0,-8.289504766464233,True,True,True
C1=CC=C2C(=C1)NCC21OCCO1,2,0.6477881506220932,0.7325745320599188,1.2955763012441863,2.2955763012441865,0,0,-3.704423666000366,True,True,True
CC1=CN=CN=C1,2,0.4745494696119243,0.852794387822111,0.9490989392238486,1.9490989392238487,0,0,-8.050901055335999,True,True,True
C1=CC2=C(C=C3C=NN=CN32)O1,2,0.49854893348476786,0.7484799974504113,0.9970978669695357,1.9970978669695358,0,0,-21.002902150154114,True,True,True
OC1=CC=C(OC2CC3=NC=CC=C3CN2)C=C1,2,0.8433483314844463,0.7566724327734451,1.6866966629688926,2.6866966629688926,0,0,-16.807294249534607,True,True,True
C1=NC=C2C=NOC2=N1,2,0.51221283095937,0.7440327855219466,1.02442566191874,2.02442566191874,0,0,-1.975574254989624,True,True,True
CC1=CC(C)=CC(C)=C1,2,0.4933927122974484,0.9640921643331216,0.9867854245948968,1.9867854245948968,0,0,-1.0132145881652832,True,True,True
***** Iteration 5 *****
C1=NC=C2CCC(=C3CC4(CCNC4)CCN3)CC2=N1,2,0.7513684347338238,0.6184679044103247,1.5027368694676475,2.5027368694676477,0,0,-44.99635088443756,True,True,False
CC1=CC=C(C=C2CCC3(CNCC3=C3CCCCC4=C3N=C(C3=NN5C(C)=CC(C)=NC5=N3)S4)O2)S1,2,0.32489640687747107,0.5854569220174412,0.6497928137549421,1.6497928137549422,0,0,-19.89098620414734,True,True,True
CC1=NNC=N1,2,0.48343821482376537,0.6604589989083753,0.9668764296475307,1.9668764296475307,0,0,-15.03312361240387,True,True,True
FC1=CC=CC2=C1C=CN2,2,0.5701151374838392,0.8906557762344036,1.1402302749676785,2.1402302749676787,0,0,1.1402301788330078,True,True,True
C1=CC2CCC1C2,2,0.4024707865619127,0.5981415109120316,0.8049415731238254,1.8049415731238254,0,0,-21.195058465003967,True,True,True
FC1=CC=C2CNCCC2=C1,2,0.5917402710525742,0.8749336164797951,1.1834805421051484,2.1834805421051486,0,0,-2.8165194988250732,True,True,True
NC1=CC(C2=C3NCCSC3=CC=C2)=C2OCOC2=C1,2,0.788535468973082,0.7835815710466127,1.577070937946164,2.5770709379461643,0,0,-13.897238731384277,True,True,True
O=[SH](=O)CC(=C1CC2(CCNC2)CCN1)C1COCC2(CCC2)N1,2,0.5390515612486158,0.46836402552920986,1.0781031224972315,2.0781031224972315,0,0,-28.186932682991028,True,True,True
C1=NN=C2CCCN12,2,0.47696302168541854,0.8016037752641542,0.9539260433708371,1.9539260433708372,0,0,-5.046073913574219,True,True,True
C1CNCCNC1,2,0.43138751888460325,0.8268857797635027,0.8627750377692065,1.8627750377692065,0,0,-22.137224912643433,True,True,True
O=C1CCC(C2CSC3=C(C4CNCCC45CNC4=CC=CC=C45)C=NN32)N1,2,0.7276090588992106,0.547307842581504,1.4552181177984211,2.455218117798421,0,0,-14.518397092819214,True,True,True
CC1=CC=NO1,2,0.46699996727347143,0.7471223473246649,0.9339999345469429,1.933999934546943,0,0,-2.0660001039505005,True,True,True
CC1=CC=CN=C1N,2,0.5375123323676085,0.8963430526534315,1.075024664735217,2.075024664735217,0,0,1.0750246047973633,True,True,True
OCN1C=NN=C1S,2,0.5058562861707877,0.711560535170914,1.0117125723415754,2.011712572341575,0,0,-17.853392362594604,True,True,True
***** Iteration 6 *****
NC1=C(C2=NC=CC3=C2OC=C3)C=C(S(N)(=O)=O)C=C1,2,0.6974506240621442,0.8190727565560185,1.3949012481242884,2.394901248124288,0,0,-26.14013159275055,True,True,True
C1=CC=C2SN=CC2=C1,2,0.5397735725540235,0.83948007896924,1.079547145108047,2.079547145108047,0,0,-37.92045283317566,True,True,True
C1=CN2N=NN=C2C=C1C1=NN=C[SH]1C1COC2(CCNCC2)C1,2,0.7839078591235512,0.4957265046258477,1.5678157182471024,2.567815718247102,0,0,-42.53367805480957,True,True,False
NC1=CC=NC=C1,2,0.5126510027980979,0.8943266955144187,1.0253020055961959,2.025302005596196,0,0,-1.9746980667114258,True,True,True
CC(N)C(C)C=S1C=NC2=CC=CN=C21,2,0.7780508161056825,0.5516695082802445,1.556101632211365,2.556101632211365,0,0,-31.05487298965454,True,True,True
CC1=NN(C)C(C)=C1N,2,0.5520188214779367,0.8537921314899884,1.1040376429558734,2.1040376429558734,0,0,1.1040377616882324,True,True,True
NC1=CC=C([SH](=O)=O)C=C1,2,0.4531731441539028,0.7420794720787891,0.9063462883078056,1.9063462883078057,0,0,-6.093653678894043,True,True,True
CC1=NOC=N1,2,0.4557395479673612,0.7081232523020405,0.9114790959347224,1.9114790959347223,0,0,-2.088520884513855,True,True,True
C1CN2CNCC2CN1,2,0.4287832259553397,0.7043210482972886,0.8575664519106794,1.8575664519106794,0,0,-5.142433524131775,True,True,True
SC1=NN=CS1,2,0.5103996300698751,0.6643458767364296,1.0207992601397502,2.02079926013975,0,0,-0.9792008399963379,True,True,True
C1COC2(CCNC(C3CCOC3)C2)OC1,2,0.7225011447330877,0.6243410026800521,1.4450022894661754,2.445002289466175,0,0,-1.1696637868881226,True,True,True
C1CC2NCCC2N1,2,0.4497584829824855,0.6853364027431805,0.899516965964971,1.8995169659649709,0,0,-1.1004830598831177,True,True,True
C1=CNN=N1,2,0.4582074400555656,0.6046891541047119,0.9164148801111311,1.9164148801111311,0,0,0.9164148569107056,True,True,True
C1=NN=CN2C1=CC1=C2C=C(CC2CCCCN2)O1,2,0.763071272197857,0.6938028126101496,1.526142544395714,2.526142544395714,0,0,-15.990578889846802,True,True,True
C1=NNN=C1C1=CC2=C(CCNC2)N=N1,2,0.6750997038386846,0.7484484568850349,1.3501994076773691,2.350199407677369,0,0,-45.31225073337555,True,True,False
***** Iteration 7 *****
C1=NN=C2SCC=NN12,2,0.5173313859906974,0.6147342100233711,1.0346627719813948,2.034662771981395,0,0,-43.96533727645874,True,True,True
C1=NN=C2SCC=NN12,2,0.5173313859906974,0.6147342100233711,1.0346627719813948,2.034662771981395,0,0,-5.96533727645874,True,True,True
C1CCOCC1,2,0.42994002180165675,0.8980632724126488,0.8598800436033135,1.8598800436033134,0,0,-2.1401199102401733,True,True,True
C1=C2CCCCNC2=CC=C1C1NCC2CNCC21,2,0.719132906350825,0.6790197903352592,1.43826581270165,2.4382658127016503,0,0,-3.1062833070755005,True,True,True
C1CC2NCCC2N1,2,0.4497584829824855,0.6853364027431805,0.899516965964971,1.8995169659649709,0,0,-3.1004830598831177,True,True,True
NCC(=O)NN1CC(=C2CCC2)C2(CNC2)C1,2,0.5579310454301311,0.6572818589132009,1.1158620908602621,2.1158620908602623,0,0,-4.361335754394531,True,True,True
NCC#CC1=CC(C2=COC=C(C3=CC(O)=CC=C3O)C2)=CC=C1,2,0.5867231968140157,0.765342248832027,1.1734463936280315,2.1734463936280317,0,0,-42.04534983634949,True,True,True
CC1=CC=CC=C1,2,0.4588062796575455,1.0,0.917612559315091,1.917612559315091,0,0,-8.082387447357178,True,True,True
NC1=CC=C(O)N=C1,2,0.5068633046996494,0.8025360596464386,1.0137266093992987,2.0137266093992987,0,0,-0.9862732887268066,True,True,True
C1=CC2=C(CCNC2)S1,2,0.5725194388823992,0.8060356345247958,1.1450388777647984,2.145038877764798,0,0,-2.8549611568450928,True,True,True
NC1CCNC1=O,2,0.4029048762262961,0.734568113185547,0.8058097524525922,1.8058097524525922,0,0,-18.19419026374817,True,True,True
C1=CC=C2C(=C1)NCC21CCNCC1,2,0.6476834730365869,0.767558104088344,1.2953669460731738,2.295366946073174,0,0,-0.7046329975128174,True,True,True
CC1CCNC1,2,0.454314799476255,0.7733304022903871,0.90862959895251,1.9086295989525102,0,0,-6.091370344161987,True,True,True
OC1CCNC(C2=C3C=NOC3=NC=N2)C1,2,0.7234620080431753,0.6535706310364311,1.4469240160863506,2.4469240160863506,0,0,-45.167229652404785,True,True,True
***** Iteration 8 *****
C1=CC=C2C(=C1)CCC2=NC1=CC=CC=C1NC1CCO1,2,0.9231023981451881,0.7605359755680545,1.8462047962903763,2.846204796290376,0,0,-42.08926582336426,True,True,False
CC1=NN=C(N)S1,2,0.5330598416357364,0.8134528898464024,1.0661196832714728,2.0661196832714728,0,0,-9.93388032913208,True,True,True
CC1=CC=NN1C1=C(N)C(F)=CC(C23CCCC(CC2)N3)=C1N,2,0.7441029229574879,0.5754832814981065,1.4882058459149758,2.488205845914976,0,0,-27.57114815711975,True,True,True
FC1=CC=CC=C1,2,0.46184033029146143,1.0,0.9236806605829229,1.9236806605829229,0,0,-46.076319336891174,True,True,True
C1=NC=C2CNCCC2=N1,2,0.5488445444058233,0.7960215233608403,1.0976890888116466,2.097689088811647,0,0,-19.902310848236084,True,True,True
C1=CC=C2NCCCNC2=C1,2,0.586970190662473,0.854253109486788,1.173940381324946,2.173940381324946,0,0,1.1739404201507568,True,True,True
O=C1COC2=CC=CC=C2N1,2,0.5975987293148468,0.8952749626336411,1.1951974586296936,2.1951974586296936,0,0,-19.804802656173706,True,True,True
C1=CC2=NC3=NC=CC3=CN2C(C2=C(C3=CC4=C(CCCCC4)S3)N=CC3=NC=CN32)=C1,2,0.33441081290307334,0.7623877444346394,0.6688216258061467,1.6688216258061468,0,0,-43.57539939880371,True,True,False
C1CCNCC1,2,0.4576362279207808,0.8826752382246146,0.9152724558415616,1.9152724558415617,0,0,0.9152724742889404,True,True,True
***** Iteration 9 *****
O=C1CN(Br)CCN1,2,0.5187709953847165,0.7182773183876975,1.037541990769433,2.0375419907694328,0,0,-19.824118852615356,True,True,True
C1=NC=C2CCC(C3CCOC3)CC2=N1,2,0.6968984422353944,0.7146995459025227,1.3937968844707889,2.393796884470789,0,0,-45.25775384902954,True,True,False
CC1CCCNC1,2,0.4775701903927597,0.79898515771996,0.9551403807855194,1.9551403807855194,0,0,-5.0448596477508545,True,True,True
CC1=NC(C)=C(C2=CC=CC3=NN=NN23)S1,2,0.6411690622222663,0.8029495005094199,1.2823381244445327,2.2823381244445327,0,0,-45.3757050037384,True,True,False
CC1(C2=CC=CC3=NON=C23)CC(=C2CCCCN2C2CCN2)CCN1,2,0.8654015581842431,0.6408914516366853,1.7308031163684863,2.7308031163684863,0,0,-25.473608016967773,True,True,True
SC1=NN=CO1,2,0.4804846240021775,0.653192935559959,0.960969248004355,1.960969248004355,0,0,-29.03903079032898,True,True,True
C1=CN(CC2=CN=C3C=NC=CN23)C=C1,2,0.6262776189954179,0.7977352944918725,1.2525552379908358,2.252555237990836,0,0,-32.434306025505066,True,True,True
***** Iteration 10 *****
CC(F)F,2,0.39915452119348377,0.8289720119309083,0.7983090423869675,1.7983090423869674,0,0,-31.201690912246704,True,True,True
N#CC1=CC(O)=CC(NC2COCC3CCCN32)=C1,2,0.8420007973244767,0.6973647806072267,1.6840015946489535,2.6840015946489535,0,0,-39.61058175563812,True,True,True
C1=CCNC1,2,0.39901089098124826,0.6752204361559939,0.7980217819624965,1.7980217819624964,0,0,-18.20197820663452,True,True,True
C1=NC=C2N=CNC2=N1,2,0.5454672838232756,0.7880686829578443,1.0909345676465512,2.090934567646551,0,0,-16.90906548500061,True,True,True
O=S(=O)(N=C1CCCC2=NOC=C21)C1=CC=CC=C1,2,0.8424375159017894,0.7882161624522099,1.6848750318035788,2.684875031803579,0,0,-6.781581282615662,True,True,True
C1=CC=C2CCC=CC2=C1,2,0.5061403767927675,0.8680461387454559,1.012280753585535,2.012280753585535,0,0,-0.9877192974090576,True,True,True
C1=NC2=NON=C2N=C1,2,0.49215045879705277,0.7744532983424595,0.9843009175941055,1.9843009175941055,0,0,-48.01569902896881,True,True,False
CC1=CC=C(N)N=C1,2,0.5375123323676085,0.8975220736324526,1.075024664735217,2.075024664735217,0,0,-8.924975395202637,True,True,True
C1=CC2=C(S1)C(C1=CN3C=NN=CC3=C1)=NC=N2,2,0.5224237032326157,0.7591700808726932,1.0448474064652313,2.044847406465231,0,0,-19.641698241233826,True,True,True
NN1C=NN=C1S,2,0.3472227287233438,0.6868480315468073,0.6944454574466876,1.6944454574466876,0,0,-25.305554509162903,True,True,True
C1CC2CC1CO2,2,0.4418544164297929,0.5987107416812624,0.8837088328595858,1.8837088328595857,0,0,-9.116291165351868,True,True,True
***** Iteration 11 *****
C1=CC(C23CCCCC2NCC3)=CC2=NSC=C12,2,0.8469178135667519,0.6615363265853378,1.6938356271335038,2.6938356271335038,0,0,-44.7980135679245,True,True,False
C1=CC=C2OCCNCC2=C1,2,0.5975035561742812,0.8745696596033381,1.1950071123485624,2.1950071123485624,0,0,-2.804992914199829,True,True,True
CNCCC1=NOC(C)=C1,2,0.6727176953820001,0.8476655526648698,1.3454353907640002,2.345435390764,0,0,-1.4303253889083862,True,True,True
C1=CC2=NN=NN2N=C1,2,0.47198815924435233,0.807811702900864,0.9439763184887047,1.9439763184887047,0,0,-17.056023716926575,True,True,True
CC1=CC(C=C2CCCC3=CN=CN=C32)=C(C2=CN=NC3=CC=NN32)C=C1,2,0.5480353944923869,0.7711641880009036,1.0960707889847738,2.0960707889847736,0,0,-37.04964900016785,True,True,True
C1COC2(CCNCC2)OC1,2,0.5552580741265666,0.7428303129510705,1.1105161482531332,2.110516148253133,0,0,-14.88948392868042,True,True,True
C1=CN=C2NCCOC2=C1,2,0.5746550439511927,0.8278861387454557,1.1493100879023854,2.1493100879023856,0,0,-9.850689888000488,True,True,True
CC1COC(N2CCCC3(CCCCN3)C2)CN1,2,0.7287655452450039,0.5902092120466467,1.4575310904900078,2.457531090490008,0,0,-18.105209708213806,True,True,True
NC1=CC=C([SH](=O)=O)C=C1C12CCCCC1CCCN2,2,0.5761532365246771,0.6417871027549213,1.1523064730493542,2.152306473049354,0,0,-34.46359133720398,True,True,True
CCC(O)C=O,2,0.4806048126370752,0.7198902816267371,0.9612096252741504,1.9612096252741504,0,0,-30.038790345191956,True,True,True
C1=CC=C2C(=C1)CCC21CCNC(=C2CNCC3OCCC23)C1,2,0.7723904431662235,0.5962349138856035,1.544780886332447,2.544780886332447,0,0,-0.8630530834197998,True,True,True
***** Iteration 12 *****
C1=CC2=NC=CN2C=C1,2,0.5098151396252019,0.8601587114478727,1.0196302792504037,2.0196302792504035,0,0,-24.980369806289673,True,True,True
C#CC(O)=C(CN)C(C)C,2,0.44337589978856323,0.6687783438736611,0.8867517995771265,1.8867517995771266,0,0,-21.965456247329712,True,True,True
CC1=CC=C(C)O1,2,0.4804036489034677,0.8900002582674552,0.9608072978069354,1.9608072978069355,0,0,-46.03919267654419,True,True,True
C1=CC=C2OCCNC2=C1,2,0.5815694215109966,0.8781358823351992,1.163138843021993,2.163138843021993,0,0,-23.83686113357544,True,True,True
FC(F)(F)CNNC1=NOC(CC2=CC3=CC=NN3N=C2)=C1,2,0.6992135257111354,0.7158050970647193,1.3984270514222708,2.3984270514222708,0,0,-10.722941756248474,True,True,True
C1=NC=C2SC=C(C3CCC4CCCN(C5CCC6(CNCCO6)C5)C4C3)C2=N1,2,0.8093725639553618,0.5545339564248858,1.6187451279107237,2.6187451279107234,0,0,-21.050527453422546,True,True,True
NC1=CC=C(F)C(F)=C1,2,0.5281563260400823,0.9238268026159641,1.0563126520801647,2.0563126520801647,0,0,-6.943687438964844,True,True,True
OCC(F)(F)F,2,0.4706748907200954,0.8524365137012748,0.9413497814401908,1.9413497814401908,0,0,-0.05865025520324707,True,True,True
CC1=CC=C2C=CC=CC2=N1,2,0.5519055037199659,0.9485893857105643,1.1038110074399319,2.1038110074399317,0,0,-0.8961889743804932,True,True,True
C1=CC=C2OC=NC2=C1,2,0.5283477685064296,0.877897742786904,1.0566955370128592,2.0566955370128595,0,0,-16.943304538726807,True,True,True
C1=NN2CCCNC2=N1,2,0.5328077098954331,0.7189934692826304,1.0656154197908663,2.0656154197908663,0,0,-3.93438458442688,True,True,True
C1=CC=C2OCCNCC2=C1,2,0.5975035561742812,0.8745696596033381,1.1950071123485624,2.1950071123485624,0,0,-10.804992914199829,True,True,True
C1=CC2=C(C=C3C=NN=CN32)O1,2,0.49854893348476786,0.7484799974504113,0.9970978669695357,1.9970978669695358,0,0,-5.002902150154114,True,True,True
***** Iteration 13 *****
CC1COCC1C1NCC2C(=C3CCCN3)CCC21,2,0.7571081134092797,0.5822532827728081,1.5142162268185595,2.5142162268185597,0,0,-29.753561973571777,True,True,True
NCCCO,2,0.45685937837454194,0.8419211067674337,0.9137187567490839,1.9137187567490839,0,0,-15.086281299591064,True,True,True
CCCCN,2,0.5124148721749513,0.8917518759982028,1.0248297443499026,2.0248297443499026,0,0,-1.975170373916626,True,True,True
N#CC1=CC=CN=C1N,2,0.5415838765407543,0.8586913154364767,1.0831677530815087,2.0831677530815087,0,0,-9.916832208633423,True,True,True
CC(C#N)C1=C2C=CC(=O)OC2=CC=C1,2,0.6625112270883688,0.7864393244629816,1.3250224541767377,2.3250224541767377,0,0,-6.343721985816956,True,True,True
NCC#CC1=CC=CC=C1,2,0.5220784226991125,0.8983857497092045,1.044156845398225,2.0441568453982253,0,0,-12.955843210220337,True,True,True
NC1=CC=C(Cl)C=N1,2,0.572458049351884,0.8952402554506342,1.144916098703768,2.144916098703768,0,0,-5.85508394241333,True,True,True
C1=CC=C2SN=CNC2=C1,2,0.5728932814400152,0.7431230618223787,1.1457865628800303,2.1457865628800303,0,0,-6.85421347618103,True,True,True
C1=NC=NCC1,2,0.4060225188343929,0.6263598536092299,0.8120450376687858,1.8120450376687858,0,0,-16.187955021858215,True,True,True
C1=NC2=CNC=NC2=N1,1,0.5437608707231925,0.7383928994820607,1.087521741446385,1.087521741446385,0,0,-11.91247820854187,False,True,True
NC=O,2,0.35232551302052717,0.716790243570472,0.7046510260410543,1.7046510260410543,0,0,-9.29534900188446,True,True,True
OC1=CC=C(F)C(C2=C3NCNCC3=CC=C2)=C1F,2,0.7401311295970793,0.787752396588444,1.4802622591941585,2.4802622591941583,0,0,-23.05098795890808,True,True,True
C1CNCC2(C1)CCNC2,2,0.5071124521677051,0.6734261400796154,1.0142249043354101,2.01422490433541,0,0,1.0142250061035156,True,True,True
C1=CC=C2OCC=CC2=C1,2,0.5248586037624025,0.8469328054121225,1.049717207524805,2.0497172075248047,0,0,0.04971718788146973,True,True,True
O=C1COC2=CC=CC=C2N1,2,0.5975987293148468,0.8952749626336411,1.1951974586296936,2.1951974586296936,0,0,-44.804802656173706,True,True,True
CC1=CC=CC(Cl)=C1,2,0.5015016660067645,0.9647982974086765,1.003003332013529,2.003003332013529,0,0,-0.9969966411590576,True,True,True
C1=CC=C2C(=C1)OC(C1CCCCNC1)CNC2=C1CCC2=C(C1)OC=C2,2,0.8051178146787931,0.6656209109215252,1.6102356293575861,2.610235629357586,0,0,-6.1886855363845825,True,True,True
***** Iteration 14 *****
CC1=CC(CC2=C(C)C(Cl)=CC=C2)=NC2=NC=NN12,2,0.720243055280253,0.8240512569873043,1.440486110560506,2.440486110560506,0,0,-12.103359818458557,True,True,True
C1=CC(C2=NSC=N2)=C2SC(C3=CC=C4CCCC4=N3)=NC2=C1,2,0.5454262063265095,0.7727247892533718,1.090852412653019,4.50901250417001,0,0,-43.09668469429016,True,True,False
FC(F)=C1NCCC12CCCNC2,2,0.6010334610103218,0.595304487415415,1.2020669220206437,2.2020669220206437,0,0,-18.537485241889954,True,True,True
FC1=CC=CC=C1F,2,0.4832965029562796,0.9783094862198654,0.9665930059125593,1.9665930059125594,0,0,0.9665930271148682,True,True,True
C1=CCC2CNCC2C1,2,0.4767234088260024,0.6893366380721981,0.9534468176520048,1.9534468176520048,0,0,-4.046553134918213,True,True,True
FC1=C2CNC(P)CC2=C(C2CNCC3=CC=CC=C32)C=C1,2,0.791050664475612,0.6514994466894772,1.582101328951224,2.5821013289512242,0,0,-38.385793685913086,True,True,False
CC(N)C=O,2,0.42636762949113444,0.7511362876389245,0.8527352589822689,1.852735258982269,0,0,-4.147264719009399,True,True,True
CN1N=CC=C1N,2,0.4949528351550349,0.7881217157573336,0.9899056703100698,1.98990567031007,0,0,-2.0100942850112915,True,True,True
CC1=CC=CC(O)=C1,2,0.5359354364287862,0.9444941016044806,1.0718708728575723,2.0718708728575725,0,0,-21.928129196166992,True,True,True
C1=CC(CC23CCCC(CC2)N3)=NN1,2,0.7455738663209108,0.49627595911191746,1.4911477326418217,2.4911477326418217,0,0,-13.16091775894165,True,True,True
C1CC2CC1CN2,2,0.4702454842479255,0.6075129394834602,0.940490968495851,1.9404909684958511,0,0,-29.05950903892517,True,True,True
***** Iteration 15 *****
NC1=CC=C(C=C2COC3CNCC3N2)C=C1O,2,0.42318354112993195,0.6488928464187808,0.8463670822598639,1.846367082259864,0,0,-20.899722695350647,True,True,True
CC1=C(C)OC=N1,2,0.48720449213003547,0.7783962096844592,0.9744089842600709,1.974408984260071,0,0,-1.0255910158157349,True,True,True
NC1=CC=CC=C1F,2,0.5030676848790228,0.9420612344716136,1.0061353697580455,2.0061353697580455,0,0,-34.9938645362854,True,True,True
C1=CC=C2SC=CC2=C1,2,0.5193756104894537,0.9142897655789266,1.0387512209789074,2.0387512209789076,0,0,-20.961248874664307,True,True,True
CC(C)C(C)(N)C1=CC=CN1,2,0.6668017322520063,0.7133560906216759,1.3336034645040127,2.3336034645040127,0,0,-45.421902656555176,True,True,False
NC1CCNC1=O,2,0.4029048762262961,0.734568113185547,0.8058097524525922,1.8058097524525922,0,0,-15.194190263748169,True,True,True
C1=CC2=C(C3=CC=C4OC5=CN=CN=C5C4=C3)C=NN2N=C1,2,0.4736182673478132,0.7891866044462267,0.9472365346956264,1.9472365346956264,0,0,-9.705443382263184,True,True,True
C1CNC1,2,0.4117456116182956,0.9184837640676603,0.8234912232365912,1.8234912232365912,0,0,-17.17650878429413,True,True,True
ClC1=CC=CC=C1,2,0.4833833263681997,1.0,0.9667666527363994,1.9667666527363994,0,0,-4.033233404159546,True,True,True
O=C1CC(NC2=C3C(=CC(N4CC5=C6C(=CC=C5)C=CC=C64)=C2)OC2=CN=CN=C23)CN1,2,0.4469182621792042,0.7049756685160243,0.8938365243584084,1.8938365243584085,0,0,-24.2744003534317,True,True,True
C1=CC=C2OCCN(C3=NN4CCSC4=C3)CC2=C1,2,0.7978897399497293,0.7769340130226919,1.5957794798994587,2.5957794798994587,0,0,-19.898890376091003,True,True,True
***** Iteration 16 *****
C1=CC=C2C(=C1)NCCNC2C1C2=CC=CC=C2C2=CC=CC=C21,2,0.688348836017522,0.7926152446681889,1.376697672035044,2.3766976720350437,0,0,-16.072623133659363,True,True,True
CC(C)O,2,0.42840479403162834,0.9179662427001389,0.8568095880632567,1.8568095880632567,0,0,-0.1431903839111328,True,True,True
C1=CC2=NON=C2C=C1,2,0.524337023241302,0.8933011615903226,1.048674046482604,2.048674046482604,0,0,-2.9513258934020996,True,True,True
C1=CC=C2NCCNC2=C1,2,0.5618547653255865,0.8492784464377634,1.123709530651173,2.123709530651173,0,0,-0.8762905597686768,True,True,True
C1=CC(=S2C=NN=C2)NC1,2,0.5062751852426957,0.5053292156685328,1.0125503704853913,2.0125503704853913,0,0,1.1813087463378906,True,True,True
BrC1=CC=C2NCCCNC2=C1,2,0.711487017066164,0.8256433674137812,1.422974034132328,2.422974034132328,0,0,-45.292431116104126,True,True,False
C1=CC2=C(C=C3C=NN=CN32)O1,2,0.49854893348476786,0.7484799974504113,0.9970978669695357,1.9970978669695358,0,0,-4.002902150154114,True,True,True
C1=CC=C2NC=CNC2=C1,2,0.5637548364109582,0.7959861387454558,1.1275096728219165,2.1275096728219163,0,0,-14.872490406036377,True,True,True
C1=CC=C2C(=C1)N=C1C=CC=CN21,2,0.5037535936875102,0.9061018292232139,1.0075071873750203,2.0075071873750203,0,0,-11.992492914199829,True,True,True
C1=NN=C2N=CNC=C12,1,0.5437608707231925,0.7217342100233712,1.087521741446385,1.087521741446385,0,0,-24.91247820854187,False,True,True
C1=CC2=CC=NC2C(C2(C3=NN4CCCNC4=N3)COCC3=C2C=CS3)=C1,2,0.874117757514567,0.5481022024694835,1.748235515029134,2.748235515029134,0,0,-32.01227557659149,True,True,True
CC1=CC(C)=NC=N1,2,0.49689376298127774,0.8766318638422429,0.9937875259625555,1.9937875259625555,0,0,-32.00621247291565,True,True,True
***** Iteration 17 *****
OC1=CC=CC=C1Cl,2,0.5671077548351335,0.9465570386674176,1.134215509670267,2.134215509670267,0,0,-47.86578440666199,True,True,False
CC1=C(C)OC=N1,2,0.48720449213003547,0.7783962096844592,0.9744089842600709,1.974408984260071,0,0,-1.0255910158157349,True,True,True
CC1CCC(C(O)C=C=C2CNCC23CCNCC3)N1,2,0.5567038985083187,0.5054662163064054,1.1134077970166374,2.113407797016637,0,0,-43.330785393714905,True,True,False
N#CCCC(=O)C1CC2(CCNC2)CN1,2,0.6936466771364614,0.5994074575216994,1.3872933542729229,2.3872933542729227,0,0,-5.2658833265304565,True,True,True
NC1=CC=CN=C1,2,0.5126510027980979,0.8941920801298033,1.0253020055961959,2.025302005596196,0,0,-30.974698066711426,True,True,True
C1=NNN=C1,2,0.4582074400555656,0.6962071028226605,0.9164148801111311,1.9164148801111311,0,0,-1.0835851430892944,True,True,True
CCC(O)C(=O)C(C)(C)O,2,0.5932505806057293,0.742410754797151,1.1865011612114587,2.1865011612114587,0,0,-45.61574852466583,True,True,False
NN1C=NN=C1S,2,0.3472227287233438,0.6868480315468073,0.6944454574466876,1.6944454574466876,0,0,-48.3055545091629,True,True,False
C1=CN2N=CC=C2N=C1,2,0.5113756047374779,0.8333609906501519,1.0227512094749558,2.022751209474956,0,0,-5.977248907089233,True,True,True
C1=NN=CN2N=CC=C12,2,0.4957398109244892,0.7474196801088413,0.9914796218489784,1.9914796218489785,0,0,-1.0085203647613525,True,True,True
***** Iteration 18 *****
C1=COC(C2=NNC=C2)CC1,2,0.6621342975821594,0.6145934831142408,1.3242685951643187,2.3242685951643187,0,0,-45.43294882774353,True,True,False
C1=CC(C2=NC=C3NC=NC3=N2)=C2NCCNC2=C1,2,0.6157845676526938,0.773351286976808,1.2315691353053877,2.2315691353053877,0,0,-45.37843406200409,True,True,False
CCC(C)=N,2,0.4521166661434767,0.7978961471117049,0.9042333322869534,1.9042333322869534,0,0,-15.020413994789124,True,True,True
C1=CC2=CC=CC3=C2C(=C1)CC3,2,0.5469607763108971,0.9110342709546847,1.0939215526217942,2.0939215526217945,0,0,-6.906078338623047,True,True,True
CCCCC1NCCN1,2,0.5842484505602304,0.762501753306299,1.168496901120461,2.168496901120461,0,0,-45.65622866153717,True,True,False
NN1CCNC2CCCCC21,2,0.48661731469370717,0.7071418849844623,0.9732346293874143,1.9732346293874143,0,0,-16.848338961601257,True,True,True
CC(N)(C=O)C1=NC=CC(=O)N1,2,0.5608986441467645,0.6865276263226192,1.121797288293529,2.121797288293529,0,0,-45.65384316444397,True,True,False
CC1=CC=NC=C1N,2,0.5375123323676085,0.8784472484576276,1.075024664735217,2.075024664735217,0,0,-10.924975395202637,True,True,True
C1=CN2C=NC=CC2=C1,2,0.5098151396252019,0.8144732413624024,1.0196302792504037,2.0196302792504035,0,0,-0.9803698062896729,True,True,True
***** Iteration 19 *****
N#CC=C1CNC2CCCCC2C1,2,0.5728410971213656,0.6671604195383245,1.145682194242731,2.145682194242731,0,0,-29.60608673095703,True,True,True
SCC1=CNN=C1,2,0.520268475993862,0.7394290032067263,1.040536951987724,2.0405369519877237,0,0,-44.838067054748535,True,True,False
CC1=CC=CC(C2CC(C)CCN2)=C1,2,0.7156521098330458,0.7812147418893015,1.4313042196660917,2.4313042196660914,0,0,-45.23472476005554,True,True,False
OC1CNC1=C1CCC2=CC=CC=C2OC1,2,0.6864905815699279,0.7329571749828043,1.3729811631398559,2.3729811631398556,0,0,-7.260890603065491,True,True,True
CC1=CC=CC(C2=NN3C(=C2)CNCCC3C2=CC3=C(COCC3)S2)=C1N,2,0.666157762233769,0.6788439233320536,1.332315524467538,2.332315524467538,0,0,-42.61736345291138,True,True,False
C1COC2CCNC2C1,2,0.5121632129351733,0.7208232477588078,1.0243264258703466,2.0243264258703464,0,0,-45.97567367553711,True,True,True
C1=CC=C2OCCNCC2=C1,2,0.5975035561742812,0.8745696596033381,1.1950071123485624,2.1950071123485624,0,0,1.195007085800171,True,True,True
***** Iteration 20 *****
C1=CN=C2SC(C3CCCCC4=C3SC=N4)CNC2=C1,2,0.8099648874243232,0.663278992093653,1.6199297748486463,2.6199297748486465,0,0,-15.840093612670898,True,True,True
NC1(C2CNCCNC2=O)CCC(O)CC1,2,0.46041126053913317,0.7053628196454702,0.9208225210782663,1.9208225210782663,0,0,-20.833624839782715,True,True,True
C1=CC=C2C=NC=CC2=C1,2,0.5311915584041306,0.9397528054121226,1.0623831168082611,2.0623831168082614,0,0,-27.93761682510376,True,True,True
CC1CCC(=C2CC3(CCN2)OCCO3)C1,2,0.6825650718740472,0.6370140987268073,1.3651301437480945,2.3651301437480945,0,0,-7.2708351612091064,True,True,True
CC1=C(C2=C(F)C=CC(Br)=C2)C=CC=C1Cl,2,0.6772430629679831,0.9050526169581884,1.3544861259359662,2.354486125935966,0,0,-33.28431749343872,True,True,True
CC1=C(C)SC(C2=C3SC4=NC=CC=C4C3=NC=N2)=C1,2,0.5157653071718423,0.8101933230584817,1.0315306143436846,2.0315306143436844,0,0,0.3753741979598999,True,True,True
CC1=CC=C([SH](=O)=O)C=C1,2,0.6145189708113641,0.7728053980047149,1.2290379416227282,2.229037941622728,0,0,-22.77096199989319,True,True,True
C1=NC=C2CNCCN12,2,0.5253887948606539,0.76130856899773,1.0507775897213079,2.050777589721308,0,0,-21.949222326278687,True,True,True
NC1=CC=C(Br)C=C1,2,0.5949453623603693,0.9397710246814037,1.1898907247207386,2.1898907247207386,0,0,-4.810109376907349,True,True,True
C(=C1NCCC2OCCC12)C1CCCCC1,2,0.7348901218943725,0.658450745602716,1.469780243788745,2.469780243788745,0,0,-43.13827836513519,True,True,True
C1=CN2C=NN=C2N=C1,2,0.49573981092448927,0.797831645920807,0.9914796218489785,1.9914796218489785,0,0,-18.008520364761353,True,True,True
***** Iteration 21 *****
NC1=CC=CC([SH](=O)=O)=C1,2,0.4531731441539028,0.7320714948708118,0.9063462883078056,1.9063462883078057,0,0,-12.093653678894043,True,True,True
NC1CCCNC1,2,0.43825623481494413,0.7448305423353445,0.8765124696298883,1.8765124696298883,0,0,-16.12348747253418,True,True,True
CC1=NN(C)C(C)=C1N,2,0.5520188214779367,0.8537921314899884,1.1040376429558734,2.1040376429558734,0,0,-21.895962238311768,True,True,True
CC1CCCCN1,2,0.4800655928455156,0.7997082346430369,0.9601311856910312,1.960131185691031,0,0,-21.03986883163452,True,True,True
C1=CNC2=NN=NN2C1,2,0.5102119683166166,0.6419592812484426,1.0204239366332333,2.0204239366332333,0,0,-10.979576110839844,True,True,True
CC1CC2=CC(C3NCC4CCOC4C3=C3C([SH]4CC(C5=CC=CC(Cl)=C5)C5=CC=CC=C54)C=NC4=NC=NN43)=CC=C2N1,1,0.22634471592749913,0.4876066443262105,0.45268943185499827,0.45268943185499827,0,0,-39.479798048734665,True,False,False
C1=CC=C2SC(C3=CC=C4CNCC4=C3)CNC2=C1,2,0.8268482063666601,0.7530271041081255,1.6536964127333202,2.6536964127333205,0,0,-9.822633147239685,True,True,True
C1=CC=C2C(=C1)CC1=CC=CC=C12,2,0.48057199184742166,0.9394939396768629,0.9611439836948433,1.9611439836948432,0,0,-25.038856029510498,True,True,True
C1=CC(C2CCCCN3C=NN=C23)CCC1,2,0.6771083754437068,0.6924029891924595,1.3542167508874137,2.3542167508874137,0,0,-0.28465867042541504,True,True,True
C1=CN(C2=NN3C=C4CCCCC4=NC3=N2)N=C1,2,0.6406810969127027,0.7869008501034624,1.2813621938254054,2.281362193825405,0,0,-45.33422899246216,True,True,False
C1CNCCC2(C1)CNCO2,2,0.520731749593936,0.6432387518465885,1.041463499187872,2.0414634991878717,0,0,-7.958536386489868,True,True,True
***** Iteration 22 *****
CN,2,0.3846582089034356,0.7782360431936574,0.7693164178068712,1.7693164178068712,0,0,-7.2306835651397705,True,True,True
CC(F)F,2,0.39915452119348377,0.8289720119309083,0.7983090423869675,1.7983090423869674,0,0,-48.201690912246704,True,True,False
C1=CC2=CC(C3CCC4(CCCNC4)NC3)=NN2C=C1C1CNCC12OCCO2,2,0.7107657709990411,0.5077164497935861,1.4215315419980823,2.4215315419980823,0,0,-42.40798079967499,True,True,False
FC(F)(F)COC1=CNC=C1,2,0.7113393028479863,0.786937398531077,1.4226786056959726,2.422678605695973,0,0,-14.316496849060059,True,True,True
FC1=CC=CC(C2=C3N=C4C=CC=CN4C3=CC=C2C2=C3N=CN=NC3=CC=C2)=C1F,2,0.3822662165097177,0.7937032514922855,0.7645324330194354,1.7645324330194354,0,0,-39.48777210712433,True,True,True
CC1=CC(N2CCNC(=O)CC2=NCC(F)(F)F)=C(C)O1,2,0.9108306069455195,0.7204128770819858,1.821661213891039,2.821661213891039,0,0,-20.24158465862274,True,True,True
***** Iteration 23 *****
CN1C=CC2=CC=CC=C21,2,0.5160980556298523,0.9178732828657034,1.0321961112597047,2.0321961112597045,0,0,-47.967803955078125,True,True,False
NC1CC1C1CN(C2C=CCC2)C(=C2CCCN2)C2CCCN21,2,0.7630039736243457,0.5703874282149656,1.5260079472486914,2.5260079472486914,0,0,-40.236732840538025,True,True,False
C#CCN=C1CNCC2(CCNC2=C2NCC3=CC=CC=C32)C1,2,0.6893736827730315,0.5791276786457648,1.378747365546063,2.378747365546063,0,0,-14.824922919273376,True,True,True
C1=CC=C2COCC2=C1,2,0.5061667423941253,0.8935307912199524,1.0123334847882506,2.0123334847882504,0,0,0.012333393096923828,True,True,True
C1=CC(C2=C3SC=NC3=CC3=C2OCCO3)=C2OCCCC2=C1,2,0.6763716902667419,0.7951892262656349,1.3527433805334839,2.352743380533484,0,0,-37.12870502471924,True,True,True
C1=NN=C2CCCCCN12,2,0.5338484316215919,0.8304204977198147,1.0676968632431838,2.067696863243184,0,0,-1.9323031902313232,True,True,True
C1=CN=C2SC=NC2=C1,2,0.5504287970242819,0.8340760903652517,1.1008575940485639,2.1008575940485636,0,0,-2.8991425037384033,True,True,True
CC(F)(F)F,2,0.4175407165966272,0.8607737694893272,0.8350814331932545,1.8350814331932543,0,0,-15.164918541908264,True,True,True
C1=CC=C2COCCC2=C1,2,0.525011490622599,0.8983040874634045,1.050022981245198,2.050022981245198,0,0,-3.949976921081543,True,True,True
O=C1CCCCC(=C(O)C(F)F)N1,2,0.619680789917366,0.7445726773494467,1.239361579834732,2.239361579834732,0,0,-12.492110133171082,True,True,True
CC1CCC(N)C(N2CCC(=O)CC2)C1,2,0.7063645890145103,0.7199669441776805,1.4127291780290205,2.4127291780290205,0,0,-11.23408842086792,True,True,True
C1=CC=C2N=C(C3CCCC4=C3C=CN=C4)C=NC2=C1,2,0.6727097285697088,0.7853712370765782,1.3454194571394176,2.3454194571394176,0,0,-18.20610749721527,True,True,True
CC1=NNC(C2=C(S(N)(=O)=O)C=CC=C2)=N1,2,0.7913988961030487,0.8237746449302163,1.5827977922060974,2.5827977922060974,0,0,-15.995122790336609,True,True,True
***** Iteration 24 *****
CC1=CC=CC=C1C=C1CNCCN1,2,0.6981014171829777,0.8064705540600564,1.3962028343659554,2.3962028343659556,0,0,-33.278016567230225,True,True,True
NC1=C(F)C(C2=CC=C3CCNC3=C2)=CC=C1F,2,0.7582847008566426,0.8353002467852121,1.5165694017132851,2.5165694017132854,0,0,-41.028459787368774,True,True,True
C1=CN2C=CSC2=C1,2,0.5043931271028592,0.7737467239821031,1.0087862542057184,2.0087862542057184,0,0,0.008786201477050781,True,True,True
CCC(C)(N)C1=NN2N=CC=C2C=C1,2,0.7764552979262334,0.6874465233613787,1.5529105958524667,2.5529105958524667,0,0,-45.08474361896515,True,True,False
CC1=COC=N1,2,0.46699996727347143,0.7104237047907281,0.9339999345469429,1.933999934546943,0,0,-4.0660001039505005,True,True,True
C1=CC2=CNN=C2N=C1,2,0.5607362152362961,0.7815399080290693,1.1214724304725923,2.1214724304725925,0,0,-6.878527641296387,True,True,True
NC1=CC(C2=NC=CC3=C2CCCC3)=C(F)C=C1,2,0.7787583954174238,0.8549866489200304,1.5575167908348475,2.5575167908348475,0,0,-0.9752281904220581,True,True,True
CCCCN,2,0.5124148721749513,0.8917518759982028,1.0248297443499026,2.0248297443499026,0,0,0.024829626083374023,True,True,True
CC1=CC=C(S(N)(=O)=O)C=C1,2,0.6737401345200019,0.9514466469837737,1.3474802690400038,2.3474802690400036,0,0,-12.652519702911377,True,True,True
CC1=C(C)OC=N1,2,0.48720449213003547,0.7783962096844592,0.9744089842600709,1.974408984260071,0,0,-5.025591015815735,True,True,True
C1CCC2CNCC2C1,2,0.5156973089075447,0.7686175497531098,1.0313946178150895,2.0313946178150895,0,0,-7.968605279922485,True,True,True
N#CCO,1,0.38084123148453586,0.7828940204779167,0.7616824629690717,0.7616824629690717,0,0,-3.238317549228668,True,False,True
C1=NC=C(C23CNCCN2CCNC3)C=N1,2,0.6462063113770612,0.7396357463288178,1.2924126227541224,2.2924126227541226,0,0,-4.36294412612915,True,True,True
C1=CNC2=NC=NN2C1,2,0.5348062716294553,0.6504407627299239,1.0696125432589105,2.0696125432589105,0,0,-6.930387496948242,True,True,True
***** Iteration 25 *****
O=C1COC2=CC=CC=C2N1,2,0.5975987293148468,0.8952749626336411,1.1951974586296936,2.1951974586296936,0,0,-47.804802656173706,True,True,False
C1CC2(CCN1)CCC(C1NCCC13CNCO3)CO2,2,0.6415824561449179,0.4995848908637099,1.2831649122898359,2.283164912289836,0,0,-17.289113402366638,True,True,True
CC1=CC=CC(C)=N1,2,0.49138777691763613,0.926087807898187,0.9827755538352723,1.9827755538352723,0,0,-20.017224431037903,True,True,True
C1=CC2=CC=C(N3C=C4CCC=NC4=N3)C=C2OC1,2,0.781348578887735,0.7241045933195881,1.56269715777547,2.56269715777547,0,0,-37.94244873523712,True,True,True
IC1CCNCC2=C1NC=N2,2,0.5480855250753749,0.6431011171468747,1.0961710501507498,2.09617105015075,0,0,-33.70286417007446,True,True,True
C1=CC2=C(COCC2)S1,2,0.5338228245160177,0.7978430419322032,1.0676456490320354,2.0676456490320354,0,0,0.06764554977416992,True,True,True
C1COCOC1,2,0.4259229282986284,0.8080128450622214,0.8518458565972568,1.8518458565972566,0,0,-29.148154139518738,True,True,True
C1=CC=C2C(=C1)C=NC1=NN=CN21,2,0.5100312411068736,0.8357787523001371,1.0200624822137472,2.0200624822137474,0,0,-33.97993755340576,True,True,True
***** Iteration 26 *****
NC1=C(C2=C(N)SC=C2)C=CN=N1,2,0.7149017074627392,0.7797906399274093,1.4298034149254784,2.4298034149254786,0,0,-45.26040589809418,True,True,False
C1=CCNCC1,2,0.42127110952157737,0.7311923322417085,0.8425422190431547,1.8425422190431546,0,0,-4.1574578285217285,True,True,True
FC1CCCCCC1,2,0.42670993397715223,0.8714021587647116,0.8534198679543045,1.8534198679543046,0,0,-21.032790780067444,True,True,True
C1=CC=C2C(=C1)NCC21CCNCC1,2,0.6476834730365869,0.767558104088344,1.2953669460731738,2.295366946073174,0,0,-3.7046329975128174,True,True,True
C1=NC=NC=N1,2,0.43639752184178915,0.8048205373699138,0.8727950436835783,1.8727950436835783,0,0,-6.127205014228821,True,True,True
CC(O)(CO)N1CCN2C(=NN=C2C2=C3CC4=CC=CC=C4C3=CC=C2)C1,2,0.5833541120244077,0.7351057813701529,1.1667082240488154,2.1667082240488154,0,0,-43.01719093322754,True,True,False
C1=CC=C2C(=C1)OC1=CC(C3=CC=C4N=CC=NC4=C3)=CC=C12,2,0.4267350170190643,0.8819207758754454,0.8534700340381286,1.8534700340381285,0,0,-38.819366455078125,True,True,True
C1=CC=C2C(=C1)C=NC1=NN=CN21,2,0.5100312411068736,0.8357787523001371,1.0200624822137472,2.0200624822137474,0,0,-24.97993755340576,True,True,True
C1=CC2=C(CCNC2)N=N1,2,0.5488445444058233,0.7741107541300711,1.0976890888116466,2.097689088811647,0,0,-13.902310848236084,True,True,True
N#CC1=CC=CC(NC2=CC3=CC=CN3C=C2C2=C3C=NOC3=CC=C2)=C1,2,0.4753681362615366,0.7861378418470575,0.9507362725230732,1.9507362725230732,0,0,-26.320323944091797,True,True,True
O=C1NC=NC2=CC=CC=C12,2,0.6003509616659684,0.8866153472490258,1.2007019233319367,2.2007019233319367,0,0,-5.799298048019409,True,True,True
***** Iteration 27 *****
C1=NNC2=C1CNC2,1,0.4925073282443973,0.7227415957769748,0.9850146564887946,0.9850146564887946,0,0,-35.01498532295227,False,True,True
C1=CC=C2OCCNC2=C1,2,0.5815694215109966,0.8781358823351992,1.163138843021993,2.163138843021993,0,0,-2.8368611335754395,True,True,True
OC1=CC=CC=C1OCC1COCCN1,2,0.771321454197414,0.7984180457417028,1.542642908394828,2.542642908394828,0,0,-31.071696400642395,True,True,True
NC1=NC=C[SH]1C1(O)CCC(N)CC1,1,0.4769845538142707,0.5338358724738047,0.9539691076285414,0.9539691076285414,0,0,-46.82343804836273,False,True,False
CC1=CC=C(C)C(OC2=CC=C3C=NC=CC3=C2)=C1,2,0.6594885579265825,0.9031607778368252,1.318977115853165,2.3189771158531647,0,0,-30.263346791267395,True,True,True
C1=CN2C=CSC2=C1,2,0.5043931271028592,0.7737467239821031,1.0087862542057184,2.0087862542057184,0,0,-0.9912137985229492,True,True,True
C1=CC=C2OCCCCC2=C1,2,0.5486234052041367,0.921297398531077,1.0972468104082733,2.097246810408273,0,0,0.09724688529968262,True,True,True
C1=CC=C2C(=C1)OCCC2=NC1CCCC1,2,0.704609502866187,0.8291716437647152,1.409219005732374,2.409219005732374,0,0,-21.214989185333252,True,True,True
C1=CC=C2ON=CC2=C1,2,0.5283477685064296,0.8566384835276446,1.0566955370128592,2.0566955370128595,0,0,-6.943304538726807,True,True,True
C1CNCC2(C1)CCNC2,2,0.5071124521677051,0.6734261400796154,1.0142249043354101,2.01422490433541,0,0,-1.9857749938964844,True,True,True
CC1=CC=C(O)C=C1,2,0.5359354364287862,0.9713129827233615,1.0718708728575723,2.0718708728575725,0,0,-13.928129196166992,True,True,True
C1CNSC1,2,0.43671847291932475,0.6024194105149684,0.8734369458386495,1.8734369458386495,0,0,-3.12656307220459,True,True,True
CC1=CN=CO1,2,0.46699996727347143,0.7391332070531715,0.9339999345469429,1.933999934546943,0,0,-4.0660001039505005,True,True,True
FC1=CC=CC=C1,2,0.46184033029146143,1.0,0.9236806605829229,1.9236806605829229,0,0,-3.0763193368911743,True,True,True
NC1CCCC1,2,0.4641318718734252,0.8870553789988729,0.9282637437468504,1.9282637437468504,0,0,-15.071736216545105,True,True,True
***** Iteration 28 *****
NN1C=NN=C1SC1CNCCO1,2,0.5994208057156072,0.663398346032721,1.1988416114312144,2.1988416114312144,0,0,-10.541409373283386,True,True,True
CC1CC(C2=CC=C3CNCNC3=C2)CCN1,2,0.6917834629175051,0.6926131611206741,1.3835669258350103,2.3835669258350105,0,0,-6.224422574043274,True,True,True
C1=NC=C2C=NC3=NC=NN3C2=C1,2,0.4985478789858107,0.8115901921423462,0.9970957579716214,1.9970957579716213,0,0,-6.002904295921326,True,True,True
C1=NC=NN1,2,0.4582074400555656,0.6554737694893272,0.9164148801111311,1.9164148801111311,0,0,-13.083585143089294,True,True,True
CC1=NN(C2NC(Br)OC23CCNC3)C=N1,2,0.5673278744917608,0.5007988670591543,1.1346557489835216,2.134655748983522,0,0,-19.418256282806396,True,True,True
C1=CCC(=C2C=NC=NC2)CC1,2,0.4849144087240094,0.644394527364941,0.9698288174480189,1.9698288174480187,0,0,-18.83620536327362,True,True,True
C1=CC=C2C(=C1)N=CN1C=NN=C21,2,0.5100312411068736,0.8534868390851469,1.0200624822137472,2.0200624822137474,0,0,-9.979937553405762,True,True,True
CC(C#N)CBr,2,0.517071015483777,0.6768974611139167,1.034142030967554,2.034142030967554,0,0,-25.862443685531616,True,True,True
CC1=CC(=O)NC=N1,2,0.5136326256802805,0.795897598107977,1.027265251360561,2.0272652513605607,0,0,-9.972734689712524,True,True,True
C,2,0.3597849378839701,0.29684273504273506,0.7195698757679402,1.7195698757679403,0,0,-5.28043007850647,True,True,True
N#CC1=C(C2=CC3=C(C=N2)CNCC3)C=CN=C1,2,0.8176101248559382,0.8043229110613724,1.6352202497118764,2.6352202497118764,0,0,-44.87421357631683,True,True,False
C1=NC2=C(CCCN2)S1,2,0.5904045928743091,0.7457102783994396,1.1808091857486183,2.1808091857486183,0,0,-17.819190740585327,True,True,True
C1=CC=C2NCCNC2=C1,2,0.5618547653255865,0.8492784464377634,1.123709530651173,2.123709530651173,0,0,-13.876290559768677,True,True,True
***** Iteration 29 *****
C1COC2CCNC2C1,2,0.5121632129351733,0.7208232477588078,1.0243264258703466,2.0243264258703464,0,0,-12.97567367553711,True,True,True
CCS(N)(=O)=O,2,0.48345103123864397,0.8542021941746475,0.9669020624772879,1.966902062477288,0,0,-11.033097982406616,True,True,True
CCC(=S1C(C#[SH]2C=CC(C)=C2C)=CN=C1C)[SH](=O)=O,1,0.5715195076268951,0.40889155619621703,1.1430390152537901,1.1430390152537901,0,0,-9.166406273841858,False,True,True
N#CCO,1,0.38084123148453586,0.7828940204779167,0.7616824629690717,0.7616824629690717,0,0,-20.238317549228668,True,False,True
C1CC2(C1)COCCN2,2,0.5122097440146787,0.7109036474645031,1.0244194880293573,2.0244194880293573,0,0,-5.975580453872681,True,True,True
C1=CC=C2C(=C1)NCC21CCNC1,2,0.6199950915686155,0.7038543354883401,1.239990183137231,2.2399901831372313,0,0,-11.760009765625,True,True,True
CCC(C)(C)C1CCCC2=NNC=C21,2,0.7651142004439757,0.6760232491996432,1.5302284008879514,2.5302284008879514,0,0,-24.11271834373474,True,True,True
C1=CC2=C(C=CS2)C=N1,2,0.5397735725540235,0.8514419023310634,1.079547145108047,2.079547145108047,0,0,-25.92045283317566,True,True,True
CC1=C2C(=NC=N1)CCC2=C1CC1C,2,0.6218711341593935,0.7138141762213394,1.243742268318787,2.243742268318787,0,0,-4.288142085075378,True,True,True
C1=CC2=C(C=NC=C2C2=CC3CC4CNCC24O3)O1,2,0.844903094491579,0.46455549540444213,1.689806188983158,2.689806188983158,0,0,-5.775088429450989,True,True,True
NC1=CC=CC=C1O,2,0.3849667558355937,0.9233276680380469,0.7699335116711874,1.7699335116711874,0,0,-37.230066537857056,True,True,True
***** Iteration 30 *****
CC1=CN(C)N=C1,2,0.4652232925414449,0.8439476266885075,0.9304465850828898,1.9304465850828898,0,0,-48.06955337524414,True,True,False
C1=CC2=NN=NN2N=C1,2,0.47198815924435233,0.807811702900864,0.9439763184887047,1.9439763184887047,0,0,-12.056023716926575,True,True,True
C1=CC=C2CCNCCC2=C1,2,0.5842095781812086,0.9071934358271143,1.168419156362417,2.1684191563624173,0,0,0.16841912269592285,True,True,True
FC(F)C=C1CCC2=C(CC1)SC=C2,2,0.49221307762286226,0.7483326272307881,0.9844261552457245,1.9844261552457245,0,0,-41.785874366760254,True,True,True
C1=CN=C2CCCCC2=C1,2,0.5268799793663035,0.8858635746428916,1.053759958732607,2.053759958732607,0,0,-4.946239948272705,True,True,True
O=C(CO)C1CC2=CC(F)=CC=C2CN1,2,0.7409654634116275,0.7703576394812965,1.481930926823255,2.481930926823255,0,0,-24.147586345672607,True,True,True
CC1CCC(NC2=CNN=C2)NC1,2,0.6400092811647711,0.6572446300646404,1.2800185623295421,2.280018562329542,0,0,-22.442644119262695,True,True,True
CC1=CC=CC(O)=C1,2,0.5359354364287862,0.9444941016044806,1.0718708728575723,2.0718708728575725,0,0,1.0718708038330078,True,True,True
CC1=C([SH]2C=CN3C=CC=C32)C=NC=C1,2,0.7253095339527447,0.5832900737137308,1.4506190679054893,2.4506190679054893,0,0,-25.186726212501526,True,True,True
C1=CC=C2CNCC2=C1,2,0.542300934471085,0.8852897655789267,1.08460186894217,2.08460186894217,0,0,-31.915398120880127,True,True,True
CCC(C)O,2,0.4869274292842043,0.8416523715550084,0.9738548585684086,1.9738548585684086,0,0,-0.026145100593566895,True,True,True
***** Iteration 31 *****
NS(=O)(=O)C1=CC=CC=C1,2,0.638363783266887,0.9589751985745156,1.276727566533774,2.276727566533774,0,0,-46.7232723236084,True,True,True
C1=CC=C2N=CC=CC2=C1,2,0.5311915584041306,0.961362549001866,1.0623831168082611,2.0623831168082614,0,0,0.062383174896240234,True,True,True
C1CC2CCCC(C1)C2,2,0.46544453535537955,0.7593850711206311,0.9308890707107591,1.930889070710759,0,0,-5.069110870361328,True,True,True
OC1=CC=CC(Cl)=C1,2,0.5671077548351335,0.9369934023037811,1.134215509670267,2.134215509670267,0,0,-19.865784406661987,True,True,True
C1CC2CCC(CN1)N2,2,0.48082358629369887,0.6042273852093439,0.9616471725873977,1.9616471725873978,0,0,-1.0383528470993042,True,True,True
C1CC2CNCC2O1,2,0.4769769275554366,0.6844158899226679,0.9539538551108732,1.953953855110873,0,0,-22.046046137809753,True,True,True
NCCC=O,2,0.44907451081307725,0.7700856038088538,0.8981490216261545,1.8981490216261545,0,0,0.8981490135192871,True,True,True
C=C(C)C1CC(N2CC3=C(C2)NN=C3)CC1O,2,0.759987847497088,0.6448739708732432,1.519975694994176,2.519975694994176,0,0,-25.89027178287506,True,True,True
